source_pattern,target_pattern,metric,n_datasets,mean,ci95_low,ci95_high
block,block,regret,64,0.02485306159195367,0.02007641571830685,0.02987740781156337
block,block,selection_error,64,0.32916666666666666,0.2770833333333333,0.38333333333333336
block,block,selected_test_balanced_accuracy,64,0.6788040904066568,0.6415102554312878,0.7140195453671634
block,block,oracle_test_balanced_accuracy,64,0.7036571519986105,0.6662180387135554,0.7390743618723086
block,block,validation_tie,64,0.13385416666666666,0.08854166666666667,0.18333333333333335
block,point,regret,64,0.0389168638240452,0.030307107401626125,0.04886723869586174
block,point,selection_error,64,0.38385416666666666,0.31666666666666665,0.45156250000000003
block,point,selected_test_balanced_accuracy,64,0.7758642402786955,0.7355927960543823,0.8129301782722881
block,point,oracle_test_balanced_accuracy,64,0.8147811041027406,0.7760435408044176,0.8512799686345481
block,point,validation_tie,64,0.13385416666666666,0.08854166666666667,0.18333333333333335
point,block,regret,64,0.029252270479127145,0.022737033200765568,0.03597870162296625
point,block,selection_error,64,0.3432291666666667,0.28227864583333334,0.4041666666666667
point,block,selected_test_balanced_accuracy,64,0.6744048815194832,0.6373097565359898,0.7100223415236668
point,block,oracle_test_balanced_accuracy,64,0.7036571519986105,0.6662180387135554,0.7390743618723086
point,block,validation_tie,64,0.20052083333333331,0.13333333333333333,0.27395833333333336
point,point,regret,64,0.020559609362390742,0.014909241152728929,0.02706041275440455
point,point,selection_error,64,0.26927083333333335,0.20468750000000002,0.33489583333333334
point,point,selected_test_balanced_accuracy,64,0.7942214947403501,0.7538822024896529,0.8319195733447947
point,point,oracle_test_balanced_accuracy,64,0.8147811041027406,0.7760435408044176,0.8512799686345481
point,point,validation_tie,64,0.20052083333333331,0.13333333333333333,0.27395833333333336
