dataset,seed,missing_rate,source_pattern,target_pattern,imputer,selected_classifier,oracle_classifier,selection_error,selected_test_accuracy,oracle_test_accuracy,regret
GunPoint,1,0.05,point,point,linear,tsf,minirocket,True,0.9533333333333334,0.96,0.006666666666666599
GunPoint,1,0.05,point,block,linear,tsf,minirocket,True,0.9533333333333334,0.96,0.006666666666666599
GunPoint,1,0.05,block,point,linear,tsf,minirocket,True,0.9466666666666667,0.96,0.013333333333333308
GunPoint,1,0.05,block,block,linear,tsf,minirocket,True,0.9466666666666667,0.96,0.013333333333333308
GunPoint,1,0.1,point,point,linear,tsf,minirocket,True,0.9466666666666667,0.96,0.013333333333333308
GunPoint,1,0.1,point,block,linear,tsf,minirocket,True,0.9466666666666667,0.9666666666666667,0.020000000000000018
GunPoint,1,0.1,block,point,linear,tsf,minirocket,True,0.9533333333333334,0.96,0.006666666666666599
GunPoint,1,0.1,block,block,linear,tsf,minirocket,True,0.9466666666666667,0.9666666666666667,0.020000000000000018
GunPoint,1,0.15,point,point,linear,tsf,minirocket,True,0.9466666666666667,0.96,0.013333333333333308
GunPoint,1,0.15,point,block,linear,tsf,tsf,False,0.94,0.94,0.0
GunPoint,1,0.15,block,point,linear,tsf,minirocket,True,0.9533333333333334,0.96,0.006666666666666599
GunPoint,1,0.15,block,block,linear,tsf,tsf,False,0.9466666666666667,0.9466666666666667,0.0
GunPoint,1,0.2,point,point,linear,tsf,minirocket,True,0.9533333333333334,0.96,0.006666666666666599
GunPoint,1,0.2,point,block,linear,tsf,dtw,True,0.8866666666666667,0.9,0.013333333333333308
GunPoint,1,0.2,block,point,linear,tsf,minirocket,True,0.9533333333333334,0.9666666666666667,0.013333333333333308
GunPoint,1,0.2,block,block,linear,tsf,minirocket,True,0.9066666666666666,0.92,0.01333333333333342
GunPoint,1,0.25,point,point,linear,tsf,tsf,False,0.96,0.96,0.0
GunPoint,1,0.25,point,block,linear,tsf,tsf,False,0.8733333333333333,0.8733333333333333,0.0
GunPoint,1,0.25,block,point,linear,tsf,minirocket,True,0.8933333333333333,0.92,0.026666666666666727
GunPoint,1,0.25,block,block,linear,tsf,dtw,True,0.86,0.8733333333333333,0.013333333333333308
GunPoint,1,0.3,point,point,linear,tsf,tsf,False,0.96,0.96,0.0
GunPoint,1,0.3,point,block,linear,tsf,tsf,False,0.8133333333333334,0.8133333333333334,0.0
GunPoint,1,0.3,block,point,linear,minirocket,minirocket,False,0.9466666666666667,0.9466666666666667,0.0
GunPoint,1,0.3,block,block,linear,minirocket,minirocket,False,0.8933333333333333,0.8933333333333333,0.0
GunPoint,2,0.05,point,point,linear,tsf,minirocket,True,0.96,1.0,0.040000000000000036
GunPoint,2,0.05,point,block,linear,tsf,minirocket,True,0.96,1.0,0.040000000000000036
GunPoint,2,0.05,block,point,linear,tsf,minirocket,True,0.96,1.0,0.040000000000000036
GunPoint,2,0.05,block,block,linear,tsf,minirocket,True,0.9666666666666667,1.0,0.033333333333333326
GunPoint,2,0.1,point,point,linear,tsf,minirocket,True,0.9733333333333334,1.0,0.026666666666666616
GunPoint,2,0.1,point,block,linear,tsf,minirocket,True,0.9666666666666667,0.9866666666666667,0.020000000000000018
GunPoint,2,0.1,block,point,linear,tsf,minirocket,True,0.96,0.9933333333333333,0.033333333333333326
GunPoint,2,0.1,block,block,linear,tsf,minirocket,True,0.96,0.9866666666666667,0.026666666666666727
GunPoint,2,0.15,point,point,linear,tsf,minirocket,True,0.9733333333333334,1.0,0.026666666666666616
GunPoint,2,0.15,point,block,linear,tsf,minirocket,True,0.94,0.96,0.020000000000000018
GunPoint,2,0.15,block,point,linear,tsf,minirocket,True,0.94,0.9933333333333333,0.053333333333333344
GunPoint,2,0.15,block,block,linear,tsf,minirocket,True,0.8933333333333333,0.96,0.06666666666666665
GunPoint,2,0.2,point,point,linear,tsf,minirocket,True,0.9733333333333334,1.0,0.026666666666666616
GunPoint,2,0.2,point,block,linear,tsf,tsf,False,0.9133333333333333,0.9133333333333333,0.0
GunPoint,2,0.2,block,point,linear,minirocket,minirocket,False,0.9666666666666667,0.9666666666666667,0.0
GunPoint,2,0.2,block,block,linear,minirocket,minirocket,False,0.9,0.9,0.0
GunPoint,2,0.25,point,point,linear,tsf,minirocket,True,0.9733333333333334,1.0,0.026666666666666616
GunPoint,2,0.25,point,block,linear,tsf,dtw,True,0.8666666666666667,0.8733333333333333,0.006666666666666599
GunPoint,2,0.25,block,point,linear,minirocket,minirocket,False,0.96,0.96,0.0
GunPoint,2,0.25,block,block,linear,minirocket,tsf,True,0.8666666666666667,0.8866666666666667,0.020000000000000018
GunPoint,2,0.3,point,point,linear,tsf,minirocket,True,0.9666666666666667,1.0,0.033333333333333326
GunPoint,2,0.3,point,block,linear,tsf,tsf,False,0.8466666666666667,0.8466666666666667,0.0
GunPoint,2,0.3,block,point,linear,tsf,minirocket,True,0.9266666666666666,0.9533333333333334,0.026666666666666727
GunPoint,2,0.3,block,block,linear,tsf,tsf,False,0.8466666666666667,0.8466666666666667,0.0
GunPoint,3,0.05,point,point,linear,tsf,minirocket,True,0.9733333333333334,1.0,0.026666666666666616
GunPoint,3,0.05,point,block,linear,tsf,minirocket,True,0.9666666666666667,1.0,0.033333333333333326
GunPoint,3,0.05,block,point,linear,tsf,minirocket,True,0.9733333333333334,1.0,0.026666666666666616
GunPoint,3,0.05,block,block,linear,tsf,minirocket,True,0.9733333333333334,1.0,0.026666666666666616
GunPoint,3,0.1,point,point,linear,tsf,minirocket,True,0.9733333333333334,1.0,0.026666666666666616
GunPoint,3,0.1,point,block,linear,tsf,minirocket,True,0.9466666666666667,1.0,0.053333333333333344
GunPoint,3,0.1,block,point,linear,tsf,minirocket,True,0.9666666666666667,1.0,0.033333333333333326
GunPoint,3,0.1,block,block,linear,tsf,minirocket,True,0.9333333333333333,0.9866666666666667,0.053333333333333344
GunPoint,3,0.15,point,point,linear,tsf,minirocket,True,0.9666666666666667,1.0,0.033333333333333326
GunPoint,3,0.15,point,block,linear,tsf,tsf,False,0.92,0.92,0.0
GunPoint,3,0.15,block,point,linear,tsf,minirocket,True,0.9666666666666667,0.9933333333333333,0.026666666666666616
GunPoint,3,0.15,block,block,linear,tsf,minirocket,True,0.9133333333333333,0.9533333333333334,0.040000000000000036
GunPoint,3,0.2,point,point,linear,tsf,minirocket,True,0.96,1.0,0.040000000000000036
GunPoint,3,0.2,point,block,linear,tsf,tsf,False,0.9,0.9,0.0
GunPoint,3,0.2,block,point,linear,tsf,minirocket,True,0.9466666666666667,0.9866666666666667,0.040000000000000036
GunPoint,3,0.2,block,block,linear,tsf,tsf,False,0.8733333333333333,0.8733333333333333,0.0
GunPoint,3,0.25,point,point,linear,tsf,minirocket,True,0.9733333333333334,1.0,0.026666666666666616
GunPoint,3,0.25,point,block,linear,tsf,tsf,False,0.8533333333333334,0.8533333333333334,0.0
GunPoint,3,0.25,block,point,linear,tsf,minirocket,True,0.8933333333333333,0.9666666666666667,0.07333333333333336
GunPoint,3,0.25,block,block,linear,tsf,minirocket,True,0.8266666666666667,0.86,0.033333333333333326
GunPoint,3,0.3,point,point,linear,tsf,minirocket,True,0.9666666666666667,1.0,0.033333333333333326
GunPoint,3,0.3,point,block,linear,tsf,dtw,True,0.8066666666666666,0.84,0.033333333333333326
GunPoint,3,0.3,block,point,linear,dtw,tsf,True,0.8333333333333334,0.9266666666666666,0.09333333333333327
GunPoint,3,0.3,block,block,linear,dtw,dtw,False,0.8333333333333334,0.8333333333333334,0.0
GunPoint,4,0.05,point,point,linear,tsf,minirocket,True,0.9666666666666667,0.9933333333333333,0.026666666666666616
GunPoint,4,0.05,point,block,linear,tsf,minirocket,True,0.9666666666666667,0.9933333333333333,0.026666666666666616
GunPoint,4,0.05,block,point,linear,tsf,minirocket,True,0.9666666666666667,1.0,0.033333333333333326
GunPoint,4,0.05,block,block,linear,tsf,minirocket,True,0.9733333333333334,0.9933333333333333,0.019999999999999907
GunPoint,4,0.1,point,point,linear,tsf,minirocket,True,0.9733333333333334,0.9933333333333333,0.019999999999999907
GunPoint,4,0.1,point,block,linear,tsf,minirocket,True,0.9666666666666667,0.9933333333333333,0.026666666666666616
GunPoint,4,0.1,block,point,linear,tsf,minirocket,True,0.9666666666666667,1.0,0.033333333333333326
GunPoint,4,0.1,block,block,linear,tsf,minirocket,True,0.9533333333333334,1.0,0.046666666666666634
GunPoint,4,0.15,point,point,linear,tsf,minirocket,True,0.9733333333333334,1.0,0.026666666666666616
GunPoint,4,0.15,point,block,linear,tsf,tsf,False,0.9466666666666667,0.9466666666666667,0.0
GunPoint,4,0.15,block,point,linear,tsf,minirocket,True,0.9533333333333334,1.0,0.046666666666666634
GunPoint,4,0.15,block,block,linear,tsf,minirocket,True,0.94,0.98,0.040000000000000036
GunPoint,4,0.2,point,point,linear,tsf,minirocket,True,0.9733333333333334,1.0,0.026666666666666616
GunPoint,4,0.2,point,block,linear,tsf,tsf,False,0.9533333333333334,0.9533333333333334,0.0
GunPoint,4,0.2,block,point,linear,tsf,minirocket,True,0.9666666666666667,0.9933333333333333,0.026666666666666616
GunPoint,4,0.2,block,block,linear,tsf,minirocket,True,0.9466666666666667,0.98,0.033333333333333326
GunPoint,4,0.25,point,point,linear,tsf,minirocket,True,0.9666666666666667,1.0,0.033333333333333326
GunPoint,4,0.25,point,block,linear,tsf,tsf,False,0.9266666666666666,0.9266666666666666,0.0
GunPoint,4,0.25,block,point,linear,tsf,minirocket,True,0.96,0.9933333333333333,0.033333333333333326
GunPoint,4,0.25,block,block,linear,tsf,tsf,False,0.9266666666666666,0.9266666666666666,0.0
GunPoint,4,0.3,point,point,linear,tsf,minirocket,True,0.9666666666666667,1.0,0.033333333333333326
GunPoint,4,0.3,point,block,linear,tsf,tsf,False,0.88,0.88,0.0
GunPoint,4,0.3,block,point,linear,tsf,tsf,False,0.94,0.94,0.0
GunPoint,4,0.3,block,block,linear,tsf,tsf,False,0.88,0.88,0.0
GunPoint,5,0.05,point,point,linear,tsf,minirocket,True,0.98,0.9933333333333333,0.013333333333333308
GunPoint,5,0.05,point,block,linear,tsf,minirocket,True,0.98,0.9933333333333333,0.013333333333333308
GunPoint,5,0.05,block,point,linear,tsf,minirocket,True,0.98,0.9933333333333333,0.013333333333333308
GunPoint,5,0.05,block,block,linear,tsf,minirocket,True,0.98,0.9933333333333333,0.013333333333333308
GunPoint,5,0.1,point,point,linear,tsf,minirocket,True,0.98,0.9933333333333333,0.013333333333333308
GunPoint,5,0.1,point,block,linear,tsf,minirocket,True,0.9733333333333334,0.9933333333333333,0.019999999999999907
GunPoint,5,0.1,block,point,linear,minirocket,minirocket,False,0.9933333333333333,0.9933333333333333,0.0
GunPoint,5,0.1,block,block,linear,minirocket,minirocket,False,0.9866666666666667,0.9866666666666667,0.0
GunPoint,5,0.15,point,point,linear,tsf,minirocket,True,0.98,0.9933333333333333,0.013333333333333308
GunPoint,5,0.15,point,block,linear,tsf,tsf,False,0.9666666666666667,0.9666666666666667,0.0
GunPoint,5,0.15,block,point,linear,minirocket,minirocket,False,0.9933333333333333,0.9933333333333333,0.0
GunPoint,5,0.15,block,block,linear,minirocket,minirocket,False,0.98,0.98,0.0
GunPoint,5,0.2,point,point,linear,tsf,minirocket,True,0.98,0.9933333333333333,0.013333333333333308
GunPoint,5,0.2,point,block,linear,tsf,tsf,False,0.9333333333333333,0.9333333333333333,0.0
GunPoint,5,0.2,block,point,linear,tsf,minirocket,True,0.9533333333333334,0.9733333333333334,0.020000000000000018
GunPoint,5,0.2,block,block,linear,tsf,minirocket,True,0.9266666666666666,0.94,0.013333333333333308
GunPoint,5,0.25,point,point,linear,tsf,minirocket,True,0.98,0.9933333333333333,0.013333333333333308
GunPoint,5,0.25,point,block,linear,tsf,tsf,False,0.86,0.86,0.0
GunPoint,5,0.25,block,point,linear,minirocket,tsf,True,0.9533333333333334,0.96,0.006666666666666599
GunPoint,5,0.25,block,block,linear,minirocket,minirocket,False,0.92,0.92,0.0
GunPoint,5,0.3,point,point,linear,tsf,minirocket,True,0.98,0.9933333333333333,0.013333333333333308
GunPoint,5,0.3,point,block,linear,tsf,tsf,False,0.8133333333333334,0.8133333333333334,0.0
GunPoint,5,0.3,block,point,linear,minirocket,tsf,True,0.9333333333333333,0.94,0.006666666666666599
GunPoint,5,0.3,block,block,linear,minirocket,minirocket,False,0.92,0.92,0.0
ECG200,1,0.05,point,point,linear,minirocket,minirocket,False,0.92,0.92,0.0
ECG200,1,0.05,point,block,linear,minirocket,minirocket,False,0.92,0.92,0.0
ECG200,1,0.05,block,point,linear,minirocket,minirocket,False,0.93,0.93,0.0
ECG200,1,0.05,block,block,linear,minirocket,minirocket,False,0.94,0.94,0.0
ECG200,1,0.1,point,point,linear,minirocket,minirocket,False,0.93,0.93,0.0
ECG200,1,0.1,point,block,linear,minirocket,minirocket,False,0.92,0.92,0.0
ECG200,1,0.1,block,point,linear,minirocket,minirocket,False,0.9,0.9,0.0
ECG200,1,0.1,block,block,linear,minirocket,minirocket,False,0.89,0.89,0.0
ECG200,1,0.15,point,point,linear,minirocket,minirocket,False,0.93,0.93,0.0
ECG200,1,0.15,point,block,linear,minirocket,minirocket,False,0.88,0.88,0.0
ECG200,1,0.15,block,point,linear,minirocket,minirocket,False,0.88,0.88,0.0
ECG200,1,0.15,block,block,linear,minirocket,minirocket,False,0.85,0.85,0.0
ECG200,1,0.2,point,point,linear,minirocket,minirocket,False,0.91,0.91,0.0
ECG200,1,0.2,point,block,linear,minirocket,tsf,True,0.76,0.81,0.050000000000000044
ECG200,1,0.2,block,point,linear,minirocket,minirocket,False,0.88,0.88,0.0
ECG200,1,0.2,block,block,linear,minirocket,minirocket,False,0.83,0.83,0.0
ECG200,1,0.25,point,point,linear,minirocket,minirocket,False,0.89,0.89,0.0
ECG200,1,0.25,point,block,linear,minirocket,tsf,True,0.7,0.8,0.10000000000000009
ECG200,1,0.25,block,point,linear,minirocket,minirocket,False,0.86,0.86,0.0
ECG200,1,0.25,block,block,linear,minirocket,minirocket,False,0.85,0.85,0.0
ECG200,1,0.3,point,point,linear,minirocket,minirocket,False,0.87,0.87,0.0
ECG200,1,0.3,point,block,linear,minirocket,tsf,True,0.65,0.78,0.13
ECG200,1,0.3,block,point,linear,tsf,tsf,False,0.82,0.82,0.0
ECG200,1,0.3,block,block,linear,tsf,minirocket,True,0.8,0.83,0.029999999999999916
ECG200,2,0.05,point,point,linear,tsf,minirocket,True,0.87,0.92,0.050000000000000044
ECG200,2,0.05,point,block,linear,tsf,minirocket,True,0.86,0.92,0.06000000000000005
ECG200,2,0.05,block,point,linear,minirocket,minirocket,False,0.9,0.9,0.0
ECG200,2,0.05,block,block,linear,minirocket,minirocket,False,0.92,0.92,0.0
ECG200,2,0.1,point,point,linear,tsf,minirocket,True,0.85,0.92,0.07000000000000006
ECG200,2,0.1,point,block,linear,tsf,minirocket,True,0.86,0.91,0.050000000000000044
ECG200,2,0.1,block,point,linear,minirocket,minirocket,False,0.89,0.89,0.0
ECG200,2,0.1,block,block,linear,minirocket,minirocket,False,0.9,0.9,0.0
ECG200,2,0.15,point,point,linear,minirocket,minirocket,False,0.93,0.93,0.0
ECG200,2,0.15,point,block,linear,minirocket,minirocket,False,0.89,0.89,0.0
ECG200,2,0.15,block,point,linear,minirocket,minirocket,False,0.88,0.88,0.0
ECG200,2,0.15,block,block,linear,minirocket,minirocket,False,0.88,0.88,0.0
ECG200,2,0.2,point,point,linear,minirocket,minirocket,False,0.92,0.92,0.0
ECG200,2,0.2,point,block,linear,minirocket,tsf,True,0.79,0.83,0.039999999999999925
ECG200,2,0.2,block,point,linear,minirocket,minirocket,False,0.89,0.89,0.0
ECG200,2,0.2,block,block,linear,minirocket,tsf,True,0.84,0.86,0.020000000000000018
ECG200,2,0.25,point,point,linear,tsf,minirocket,True,0.84,0.92,0.08000000000000007
ECG200,2,0.25,point,block,linear,tsf,tsf,False,0.83,0.83,0.0
ECG200,2,0.25,block,point,linear,minirocket,minirocket,False,0.88,0.88,0.0
ECG200,2,0.25,block,block,linear,minirocket,tsf,True,0.83,0.83,0.0
ECG200,2,0.3,point,point,linear,tsf,minirocket,True,0.82,0.9,0.08000000000000007
ECG200,2,0.3,point,block,linear,tsf,tsf,False,0.82,0.82,0.0
ECG200,2,0.3,block,point,linear,minirocket,minirocket,False,0.85,0.85,0.0
ECG200,2,0.3,block,block,linear,minirocket,tsf,True,0.79,0.83,0.039999999999999925
ECG200,3,0.05,point,point,linear,minirocket,minirocket,False,0.92,0.92,0.0
ECG200,3,0.05,point,block,linear,minirocket,minirocket,False,0.93,0.93,0.0
ECG200,3,0.05,block,point,linear,minirocket,minirocket,False,0.9,0.9,0.0
ECG200,3,0.05,block,block,linear,minirocket,minirocket,False,0.9,0.9,0.0
ECG200,3,0.1,point,point,linear,minirocket,minirocket,False,0.92,0.92,0.0
ECG200,3,0.1,point,block,linear,minirocket,minirocket,False,0.93,0.93,0.0
ECG200,3,0.1,block,point,linear,minirocket,minirocket,False,0.91,0.91,0.0
ECG200,3,0.1,block,block,linear,minirocket,minirocket,False,0.93,0.93,0.0
ECG200,3,0.15,point,point,linear,minirocket,minirocket,False,0.92,0.92,0.0
ECG200,3,0.15,point,block,linear,minirocket,minirocket,False,0.87,0.87,0.0
ECG200,3,0.15,block,point,linear,tsf,minirocket,True,0.84,0.92,0.08000000000000007
ECG200,3,0.15,block,block,linear,tsf,minirocket,True,0.84,0.88,0.040000000000000036
ECG200,3,0.2,point,point,linear,minirocket,minirocket,False,0.89,0.89,0.0
ECG200,3,0.2,point,block,linear,minirocket,tsf,True,0.79,0.86,0.06999999999999995
ECG200,3,0.2,block,point,linear,minirocket,minirocket,False,0.92,0.92,0.0
ECG200,3,0.2,block,block,linear,minirocket,minirocket,False,0.88,0.88,0.0
ECG200,3,0.25,point,point,linear,minirocket,minirocket,False,0.9,0.9,0.0
ECG200,3,0.25,point,block,linear,minirocket,tsf,True,0.72,0.8,0.08000000000000007
ECG200,3,0.25,block,point,linear,minirocket,minirocket,False,0.84,0.84,0.0
ECG200,3,0.25,block,block,linear,minirocket,minirocket,False,0.87,0.87,0.0
ECG200,3,0.3,point,point,linear,minirocket,minirocket,False,0.92,0.92,0.0
ECG200,3,0.3,point,block,linear,minirocket,tsf,True,0.69,0.83,0.14
ECG200,3,0.3,block,point,linear,minirocket,minirocket,False,0.79,0.79,0.0
ECG200,3,0.3,block,block,linear,minirocket,tsf,True,0.79,0.82,0.029999999999999916
ECG200,4,0.05,point,point,linear,tsf,minirocket,True,0.85,0.93,0.08000000000000007
ECG200,4,0.05,point,block,linear,tsf,minirocket,True,0.87,0.93,0.06000000000000005
ECG200,4,0.05,block,point,linear,minirocket,minirocket,False,0.92,0.92,0.0
ECG200,4,0.05,block,block,linear,minirocket,minirocket,False,0.92,0.92,0.0
ECG200,4,0.1,point,point,linear,tsf,minirocket,True,0.86,0.92,0.06000000000000005
ECG200,4,0.1,point,block,linear,tsf,minirocket,True,0.86,0.9,0.040000000000000036
ECG200,4,0.1,block,point,linear,minirocket,minirocket,False,0.93,0.93,0.0
ECG200,4,0.1,block,block,linear,minirocket,minirocket,False,0.92,0.92,0.0
ECG200,4,0.15,point,point,linear,minirocket,minirocket,False,0.93,0.93,0.0
ECG200,4,0.15,point,block,linear,minirocket,minirocket,False,0.91,0.91,0.0
ECG200,4,0.15,block,point,linear,minirocket,minirocket,False,0.93,0.93,0.0
ECG200,4,0.15,block,block,linear,minirocket,minirocket,False,0.9,0.9,0.0
ECG200,4,0.2,point,point,linear,tsf,minirocket,True,0.87,0.92,0.050000000000000044
ECG200,4,0.2,point,block,linear,tsf,tsf,False,0.86,0.86,0.0
ECG200,4,0.2,block,point,linear,minirocket,minirocket,False,0.87,0.87,0.0
ECG200,4,0.2,block,block,linear,minirocket,minirocket,False,0.91,0.91,0.0
ECG200,4,0.25,point,point,linear,minirocket,minirocket,False,0.92,0.92,0.0
ECG200,4,0.25,point,block,linear,minirocket,tsf,True,0.69,0.84,0.15000000000000002
ECG200,4,0.25,block,point,linear,minirocket,minirocket,False,0.87,0.87,0.0
ECG200,4,0.25,block,block,linear,minirocket,minirocket,False,0.84,0.84,0.0
ECG200,4,0.3,point,point,linear,minirocket,minirocket,False,0.92,0.92,0.0
ECG200,4,0.3,point,block,linear,minirocket,tsf,True,0.62,0.8,0.18000000000000005
ECG200,4,0.3,block,point,linear,minirocket,minirocket,False,0.89,0.89,0.0
ECG200,4,0.3,block,block,linear,minirocket,minirocket,False,0.85,0.85,0.0
ECG200,5,0.05,point,point,linear,minirocket,minirocket,False,0.9,0.9,0.0
ECG200,5,0.05,point,block,linear,minirocket,minirocket,False,0.88,0.88,0.0
ECG200,5,0.05,block,point,linear,minirocket,minirocket,False,0.86,0.86,0.0
ECG200,5,0.05,block,block,linear,minirocket,minirocket,False,0.86,0.86,0.0
ECG200,5,0.1,point,point,linear,minirocket,minirocket,False,0.89,0.89,0.0
ECG200,5,0.1,point,block,linear,minirocket,minirocket,False,0.88,0.88,0.0
ECG200,5,0.1,block,point,linear,minirocket,minirocket,False,0.87,0.87,0.0
ECG200,5,0.1,block,block,linear,minirocket,minirocket,False,0.87,0.87,0.0
ECG200,5,0.15,point,point,linear,minirocket,minirocket,False,0.86,0.86,0.0
ECG200,5,0.15,point,block,linear,minirocket,tsf,True,0.81,0.83,0.019999999999999907
ECG200,5,0.15,block,point,linear,minirocket,minirocket,False,0.85,0.85,0.0
ECG200,5,0.15,block,block,linear,minirocket,minirocket,False,0.85,0.85,0.0
ECG200,5,0.2,point,point,linear,minirocket,minirocket,False,0.89,0.89,0.0
ECG200,5,0.2,point,block,linear,minirocket,dtw,True,0.74,0.81,0.07000000000000006
ECG200,5,0.2,block,point,linear,minirocket,minirocket,False,0.86,0.86,0.0
ECG200,5,0.2,block,block,linear,minirocket,minirocket,False,0.84,0.84,0.0
ECG200,5,0.25,point,point,linear,minirocket,minirocket,False,0.88,0.88,0.0
ECG200,5,0.25,point,block,linear,minirocket,tsf,True,0.72,0.81,0.09000000000000008
ECG200,5,0.25,block,point,linear,minirocket,minirocket,False,0.85,0.85,0.0
ECG200,5,0.25,block,block,linear,minirocket,minirocket,False,0.84,0.84,0.0
ECG200,5,0.3,point,point,linear,minirocket,tsf,True,0.86,0.86,0.0
ECG200,5,0.3,point,block,linear,minirocket,dtw,True,0.7,0.79,0.09000000000000008
ECG200,5,0.3,block,point,linear,minirocket,minirocket,False,0.84,0.84,0.0
ECG200,5,0.3,block,block,linear,minirocket,tsf,True,0.81,0.82,0.009999999999999898
ItalyPowerDemand,1,0.05,point,point,linear,tsf,minirocket,True,0.9611273080660836,0.9630709426627794,0.0019436345966957758
ItalyPowerDemand,1,0.05,point,block,linear,tsf,minirocket,True,0.9611273080660836,0.9630709426627794,0.0019436345966957758
ItalyPowerDemand,1,0.05,block,point,linear,tsf,minirocket,True,0.9611273080660836,0.9630709426627794,0.0019436345966957758
ItalyPowerDemand,1,0.05,block,block,linear,tsf,minirocket,True,0.9611273080660836,0.9630709426627794,0.0019436345966957758
ItalyPowerDemand,1,0.1,point,point,linear,tsf,minirocket,True,0.9494655004859086,0.9582118561710399,0.008746355685131268
ItalyPowerDemand,1,0.1,point,block,linear,tsf,minirocket,True,0.9484936831875608,0.9611273080660836,0.01263362487852282
ItalyPowerDemand,1,0.1,block,point,linear,tsf,minirocket,True,0.9523809523809523,0.9620991253644315,0.009718172983479212
ItalyPowerDemand,1,0.1,block,block,linear,tsf,minirocket,True,0.9523809523809523,0.9572400388726919,0.004859086491739606
ItalyPowerDemand,1,0.15,point,point,linear,tsf,minirocket,True,0.9484936831875608,0.9523809523809523,0.0038872691933915515
ItalyPowerDemand,1,0.15,point,block,linear,tsf,minirocket,True,0.9339164237123421,0.9475218658892128,0.013605442176870763
ItalyPowerDemand,1,0.15,block,point,linear,minirocket,tsf,True,0.9484936831875608,0.9514091350826045,0.002915451895043719
ItalyPowerDemand,1,0.15,block,block,linear,minirocket,minirocket,False,0.9494655004859086,0.9494655004859086,0.0
ItalyPowerDemand,1,0.2,point,point,linear,tsf,minirocket,True,0.9504373177842566,0.9514091350826045,0.0009718172983479434
ItalyPowerDemand,1,0.2,point,block,linear,tsf,minirocket,True,0.923226433430515,0.9251700680272109,0.0019436345966958868
ItalyPowerDemand,1,0.2,block,point,linear,tsf,minirocket,True,0.9446064139941691,0.9504373177842566,0.005830903790087438
ItalyPowerDemand,1,0.2,block,block,linear,tsf,minirocket,True,0.9290573372206026,0.9358600583090378,0.006802721088435271
ItalyPowerDemand,1,0.25,point,point,linear,tsf,minirocket,True,0.9416909620991254,0.9465500485908649,0.004859086491739495
ItalyPowerDemand,1,0.25,point,block,linear,tsf,tsf,False,0.8775510204081632,0.8775510204081632,0.0
ItalyPowerDemand,1,0.25,block,point,linear,tsf,tsf,False,0.9465500485908649,0.9465500485908649,0.0
ItalyPowerDemand,1,0.25,block,block,linear,tsf,minirocket,True,0.9173955296404276,0.9222546161321672,0.004859086491739606
ItalyPowerDemand,1,0.3,point,point,linear,minirocket,minirocket,False,0.9465500485908649,0.9465500485908649,0.0
ItalyPowerDemand,1,0.3,point,block,linear,minirocket,tsf,True,0.8483965014577259,0.86977648202138,0.02137998056365409
ItalyPowerDemand,1,0.3,block,point,linear,minirocket,minirocket,False,0.9378036929057337,0.9378036929057337,0.0
ItalyPowerDemand,1,0.3,block,block,linear,minirocket,minirocket,False,0.9251700680272109,0.9251700680272109,0.0
ItalyPowerDemand,2,0.05,point,point,linear,tsf,tsf,False,0.9620991253644315,0.9620991253644315,0.0
ItalyPowerDemand,2,0.05,point,block,linear,tsf,tsf,False,0.9620991253644315,0.9620991253644315,0.0
ItalyPowerDemand,2,0.05,block,point,linear,tsf,tsf,False,0.9620991253644315,0.9620991253644315,0.0
ItalyPowerDemand,2,0.05,block,block,linear,tsf,tsf,False,0.9620991253644315,0.9620991253644315,0.0
ItalyPowerDemand,2,0.1,point,point,linear,tsf,tsf,False,0.9591836734693877,0.9591836734693877,0.0
ItalyPowerDemand,2,0.1,point,block,linear,tsf,tsf,False,0.9650145772594753,0.9650145772594753,0.0
ItalyPowerDemand,2,0.1,block,point,linear,tsf,tsf,False,0.9601554907677357,0.9601554907677357,0.0
ItalyPowerDemand,2,0.1,block,block,linear,tsf,tsf,False,0.9630709426627794,0.9630709426627794,0.0
ItalyPowerDemand,2,0.15,point,point,linear,tsf,tsf,False,0.9572400388726919,0.9572400388726919,0.0
ItalyPowerDemand,2,0.15,point,block,linear,tsf,minirocket,True,0.9416909620991254,0.9465500485908649,0.004859086491739495
ItalyPowerDemand,2,0.15,block,point,linear,dtw,tsf,True,0.8872691933916423,0.9591836734693877,0.07191448007774537
ItalyPowerDemand,2,0.15,block,block,linear,dtw,minirocket,True,0.9047619047619048,0.9465500485908649,0.04178814382896012
ItalyPowerDemand,2,0.2,point,point,linear,tsf,minirocket,True,0.9494655004859086,0.9533527696793003,0.0038872691933916625
ItalyPowerDemand,2,0.2,point,block,linear,tsf,minirocket,True,0.9164237123420796,0.9280855199222546,0.011661807580174988
ItalyPowerDemand,2,0.2,block,point,linear,tsf,tsf,False,0.9514091350826045,0.9514091350826045,0.0
ItalyPowerDemand,2,0.2,block,block,linear,tsf,tsf,False,0.9339164237123421,0.9339164237123421,0.0
ItalyPowerDemand,2,0.25,point,point,linear,tsf,tsf,False,0.9484936831875608,0.9484936831875608,0.0
ItalyPowerDemand,2,0.25,point,block,linear,tsf,tsf,False,0.8658892128279884,0.8658892128279884,0.0
ItalyPowerDemand,2,0.25,block,point,linear,tsf,tsf,False,0.9416909620991254,0.9416909620991254,0.0
ItalyPowerDemand,2,0.25,block,block,linear,tsf,tsf,False,0.9125364431486881,0.9125364431486881,0.0
ItalyPowerDemand,2,0.3,point,point,linear,tsf,tsf,False,0.9436345966958212,0.9436345966958212,0.0
ItalyPowerDemand,2,0.3,point,block,linear,tsf,tsf,False,0.8085519922254616,0.8085519922254616,0.0
ItalyPowerDemand,2,0.3,block,point,linear,tsf,tsf,False,0.9436345966958212,0.9436345966958212,0.0
ItalyPowerDemand,2,0.3,block,block,linear,tsf,tsf,False,0.9115646258503401,0.9115646258503401,0.0
ItalyPowerDemand,3,0.05,point,point,linear,minirocket,minirocket,False,0.9640427599611273,0.9640427599611273,0.0
ItalyPowerDemand,3,0.05,point,block,linear,minirocket,minirocket,False,0.9640427599611273,0.9640427599611273,0.0
ItalyPowerDemand,3,0.05,block,point,linear,minirocket,minirocket,False,0.9640427599611273,0.9640427599611273,0.0
ItalyPowerDemand,3,0.05,block,block,linear,minirocket,minirocket,False,0.9640427599611273,0.9640427599611273,0.0
ItalyPowerDemand,3,0.1,point,point,linear,tsf,tsf,False,0.9475218658892128,0.9475218658892128,0.0
ItalyPowerDemand,3,0.1,point,block,linear,tsf,minirocket,True,0.9407191448007775,0.9416909620991254,0.0009718172983479434
ItalyPowerDemand,3,0.1,block,point,linear,tsf,minirocket,True,0.9455782312925171,0.9494655004859086,0.0038872691933915515
ItalyPowerDemand,3,0.1,block,block,linear,tsf,minirocket,True,0.9397473275024295,0.9514091350826045,0.011661807580174988
ItalyPowerDemand,3,0.15,point,point,linear,minirocket,minirocket,False,0.9533527696793003,0.9533527696793003,0.0
ItalyPowerDemand,3,0.15,point,block,linear,minirocket,tsf,True,0.93488824101069,0.9368318756073858,0.0019436345966957758
ItalyPowerDemand,3,0.15,block,point,linear,minirocket,minirocket,False,0.9552964042759962,0.9552964042759962,0.0
ItalyPowerDemand,3,0.15,block,block,linear,minirocket,minirocket,False,0.9426627793974732,0.9426627793974732,0.0
ItalyPowerDemand,3,0.2,point,point,linear,minirocket,minirocket,False,0.9475218658892128,0.9475218658892128,0.0
ItalyPowerDemand,3,0.2,point,block,linear,minirocket,minirocket,False,0.9271137026239067,0.9271137026239067,0.0
ItalyPowerDemand,3,0.2,block,point,linear,minirocket,minirocket,False,0.9533527696793003,0.9533527696793003,0.0
ItalyPowerDemand,3,0.2,block,block,linear,minirocket,minirocket,False,0.9339164237123421,0.9339164237123421,0.0
ItalyPowerDemand,3,0.25,point,point,linear,tsf,minirocket,True,0.9455782312925171,0.9465500485908649,0.0009718172983478324
ItalyPowerDemand,3,0.25,point,block,linear,tsf,tsf,False,0.859086491739553,0.859086491739553,0.0
ItalyPowerDemand,3,0.25,block,point,linear,minirocket,minirocket,False,0.9475218658892128,0.9475218658892128,0.0
ItalyPowerDemand,3,0.25,block,block,linear,minirocket,tsf,True,0.9173955296404276,0.9222546161321672,0.004859086491739606
ItalyPowerDemand,3,0.3,point,point,linear,tsf,tsf,False,0.9416909620991254,0.9416909620991254,0.0
ItalyPowerDemand,3,0.3,point,block,linear,tsf,tsf,False,0.8328474246841594,0.8328474246841594,0.0
ItalyPowerDemand,3,0.3,block,point,linear,minirocket,tsf,True,0.924198250728863,0.9261418853255587,0.0019436345966957758
ItalyPowerDemand,3,0.3,block,block,linear,minirocket,tsf,True,0.8960155490767736,0.924198250728863,0.02818270165208936
ItalyPowerDemand,4,0.05,point,point,linear,tsf,tsf,False,0.9640427599611273,0.9640427599611273,0.0
ItalyPowerDemand,4,0.05,point,block,linear,tsf,tsf,False,0.9640427599611273,0.9640427599611273,0.0
ItalyPowerDemand,4,0.05,block,point,linear,tsf,tsf,False,0.9640427599611273,0.9640427599611273,0.0
ItalyPowerDemand,4,0.05,block,block,linear,tsf,tsf,False,0.9640427599611273,0.9640427599611273,0.0
ItalyPowerDemand,4,0.1,point,point,linear,tsf,tsf,False,0.9601554907677357,0.9601554907677357,0.0
ItalyPowerDemand,4,0.1,point,block,linear,tsf,tsf,False,0.9543245869776482,0.9543245869776482,0.0
ItalyPowerDemand,4,0.1,block,point,linear,tsf,tsf,False,0.9601554907677357,0.9601554907677357,0.0
ItalyPowerDemand,4,0.1,block,block,linear,tsf,tsf,False,0.9533527696793003,0.9533527696793003,0.0
ItalyPowerDemand,4,0.15,point,point,linear,tsf,minirocket,True,0.9484936831875608,0.9543245869776482,0.005830903790087438
ItalyPowerDemand,4,0.15,point,block,linear,tsf,minirocket,True,0.9290573372206026,0.9475218658892128,0.01846452866861026
ItalyPowerDemand,4,0.15,block,point,linear,tsf,tsf,False,0.956268221574344,0.956268221574344,0.0
ItalyPowerDemand,4,0.15,block,block,linear,tsf,tsf,False,0.9455782312925171,0.9455782312925171,0.0
ItalyPowerDemand,4,0.2,point,point,linear,tsf,minirocket,True,0.9543245869776482,0.9572400388726919,0.002915451895043719
ItalyPowerDemand,4,0.2,point,block,linear,tsf,tsf,False,0.9251700680272109,0.9251700680272109,0.0
ItalyPowerDemand,4,0.2,block,point,linear,tsf,tsf,False,0.9552964042759962,0.9552964042759962,0.0
ItalyPowerDemand,4,0.2,block,block,linear,tsf,minirocket,True,0.901846452866861,0.9154518950437318,0.013605442176870763
ItalyPowerDemand,4,0.25,point,point,linear,tsf,tsf,False,0.9475218658892128,0.9475218658892128,0.0
ItalyPowerDemand,4,0.25,point,block,linear,tsf,tsf,False,0.8610301263362488,0.8610301263362488,0.0
ItalyPowerDemand,4,0.25,block,point,linear,tsf,tsf,False,0.9504373177842566,0.9504373177842566,0.0
ItalyPowerDemand,4,0.25,block,block,linear,tsf,tsf,False,0.8901846452866861,0.8901846452866861,0.0
ItalyPowerDemand,4,0.3,point,point,linear,minirocket,minirocket,False,0.9358600583090378,0.9358600583090378,0.0
ItalyPowerDemand,4,0.3,point,block,linear,minirocket,tsf,True,0.7580174927113703,0.8503401360544217,0.0923226433430514
ItalyPowerDemand,4,0.3,block,point,linear,tsf,tsf,False,0.9300291545189504,0.9300291545189504,0.0
ItalyPowerDemand,4,0.3,block,block,linear,tsf,tsf,False,0.8960155490767736,0.8960155490767736,0.0
ItalyPowerDemand,5,0.05,point,point,linear,tsf,minirocket,True,0.9572400388726919,0.9630709426627794,0.005830903790087438
ItalyPowerDemand,5,0.05,point,block,linear,tsf,minirocket,True,0.9572400388726919,0.9630709426627794,0.005830903790087438
ItalyPowerDemand,5,0.05,block,point,linear,tsf,minirocket,True,0.9572400388726919,0.9630709426627794,0.005830903790087438
ItalyPowerDemand,5,0.05,block,block,linear,tsf,minirocket,True,0.9572400388726919,0.9630709426627794,0.005830903790087438
ItalyPowerDemand,5,0.1,point,point,linear,tsf,minirocket,True,0.956268221574344,0.9591836734693877,0.002915451895043719
ItalyPowerDemand,5,0.1,point,block,linear,tsf,minirocket,True,0.9484936831875608,0.9601554907677357,0.011661807580174877
ItalyPowerDemand,5,0.1,block,point,linear,tsf,tsf,False,0.9591836734693877,0.9591836734693877,0.0
ItalyPowerDemand,5,0.1,block,block,linear,tsf,minirocket,True,0.9484936831875608,0.9494655004859086,0.0009718172983478324
ItalyPowerDemand,5,0.15,point,point,linear,tsf,minirocket,True,0.9514091350826045,0.956268221574344,0.004859086491739495
ItalyPowerDemand,5,0.15,point,block,linear,tsf,minirocket,True,0.9387755102040817,0.9416909620991254,0.002915451895043719
ItalyPowerDemand,5,0.15,block,point,linear,minirocket,minirocket,False,0.9533527696793003,0.9533527696793003,0.0
ItalyPowerDemand,5,0.15,block,block,linear,minirocket,minirocket,False,0.9407191448007775,0.9407191448007775,0.0
ItalyPowerDemand,5,0.2,point,point,linear,minirocket,minirocket,False,0.9533527696793003,0.9533527696793003,0.0
ItalyPowerDemand,5,0.2,point,block,linear,minirocket,tsf,True,0.8814382896015549,0.9096209912536443,0.02818270165208936
ItalyPowerDemand,5,0.2,block,point,linear,tsf,tsf,False,0.9543245869776482,0.9543245869776482,0.0
ItalyPowerDemand,5,0.2,block,block,linear,tsf,tsf,False,0.9164237123420796,0.9164237123420796,0.0
ItalyPowerDemand,5,0.25,point,point,linear,tsf,minirocket,True,0.9300291545189504,0.9407191448007775,0.010689990281827044
ItalyPowerDemand,5,0.25,point,block,linear,tsf,tsf,False,0.8357628765792031,0.8357628765792031,0.0
ItalyPowerDemand,5,0.25,block,point,linear,tsf,minirocket,True,0.9212827988338192,0.9329446064139941,0.011661807580174877
ItalyPowerDemand,5,0.25,block,block,linear,tsf,tsf,False,0.8931000971817298,0.8931000971817298,0.0
ItalyPowerDemand,5,0.3,point,point,linear,minirocket,minirocket,False,0.9465500485908649,0.9465500485908649,0.0
ItalyPowerDemand,5,0.3,point,block,linear,minirocket,tsf,True,0.7648202137998056,0.8231292517006803,0.058309037900874716
ItalyPowerDemand,5,0.3,block,point,linear,tsf,minirocket,True,0.9280855199222546,0.9329446064139941,0.004859086491739495
ItalyPowerDemand,5,0.3,block,block,linear,tsf,tsf,False,0.8717201166180758,0.8717201166180758,0.0
