source_pattern,target_pattern,classifier,selected_share,oracle_share,n_datasets_ever_selected,mean_regret_when_selected
linear_block,linear_block,dtw,0.21197916666666666,0.14930555555555558,52,0.07604525225733937
linear_block,linear_block,minirocket,0.559375,0.6175347222222223,64,0.015159005968605702
linear_block,linear_block,stat_rf,0.22864583333333333,0.23315972222222223,49,0.06326035695764495
linear_block,point,dtw,0.21197916666666666,0.06041666666666667,52,0.10729532322196565
linear_block,point,minirocket,0.559375,0.8398437500000001,64,0.006721270233299111
linear_block,point,stat_rf,0.22864583333333333,0.09973958333333333,49,0.15300365938367877
point,linear_block,dtw,0.16354166666666664,0.14930555555555558,37,0.09186023169006254
point,linear_block,minirocket,0.7348958333333333,0.6175347222222223,64,0.02960592951378246
point,linear_block,stat_rf,0.1015625,0.23315972222222223,32,0.06550779896872158
point,point,dtw,0.16354166666666664,0.06041666666666667,37,0.08714913889398
point,point,minirocket,0.7348958333333333,0.8398437500000001,64,0.005154920439526292
point,point,stat_rf,0.1015625,0.09973958333333333,32,0.09464583348934427
