missing_rate,metric,n_datasets,mean,median,ci95_low,ci95_high,n_mismatch_worse,n_mismatch_better,n_no_difference,wilcoxon_statistic,wilcoxon_p_two_sided,p_holm_across_rates
0.05,delta_regret,64,-0.00031951904040625006,0.0,-0.001727511528513672,0.000999191767067578,14,16,34,206.0,0.5857016572266018,0.5857016572266018
0.05,delta_selection_error,64,-0.00625,0.0,-0.03125,0.01875,5,6,53,26.5,0.5602003606666583,0.5602003606666583
0.05,delta_selected_test_ba,64,-0.00031951904040625006,0.0,-0.001727511528513672,0.000999191767067578,14,16,34,206.0,0.5857016572266018,0.5857016572266018
0.05,delta_oracle_test_ba,64,0.0,0.0,0.0,0.0,0,0,64,,1.0,1.0
0.1,delta_regret,64,0.007520089842750001,0.0,0.0019925822051082027,0.014511588955611327,25,15,24,227.0,0.013903095752649225,0.02780619150529845
0.1,delta_selection_error,64,0.04375,0.0,0.0015625000000000005,0.0921875,14,6,44,64.0,0.12198825637637951,0.24397651275275903
0.1,delta_selected_test_ba,64,0.007520089842750001,0.0,0.0019925822051082027,0.014511588955611327,25,15,24,227.0,0.013903095752649225,0.02780619150529845
0.1,delta_oracle_test_ba,64,0.0,0.0,0.0,0.0,0,0,64,,1.0,1.0
0.15,delta_regret,64,0.010313549469765626,0.0001267176795,0.004263950533310156,0.017364447539717186,33,12,19,213.0,0.0005880664298652977,0.001764199289595893
0.15,delta_selection_error,64,0.0875,0.0,0.034374999999999996,0.146875,17,6,41,46.0,0.0047809245490007075,0.014342773647002122
0.15,delta_selected_test_ba,64,0.010313549469765626,0.0001267176795,0.004263950533310156,0.017364447539717186,33,12,19,213.0,0.0005880664298652977,0.001764199289595893
0.15,delta_oracle_test_ba,64,0.0,0.0,0.0,0.0,0,0,64,,1.0,1.0
0.2,delta_regret,64,0.018311346777437502,0.0050842503875,0.011856258994340235,0.02528153797489531,40,9,15,140.0,2.600383125978482e-06,1.0401532503913928e-05
0.2,delta_selection_error,64,0.11875000000000001,0.0,0.0546875,0.1875,23,7,34,77.0,0.0012711769008318695,0.005084707603327478
0.2,delta_selected_test_ba,64,0.018311346777437502,0.0050842503875,0.011856258994340235,0.02528153797489531,40,9,15,140.0,2.600383125978482e-06,1.0401532503913928e-05
0.2,delta_oracle_test_ba,64,0.0,0.0,0.0,0.0,0,0,64,,1.0,1.0
0.25,delta_regret,64,0.027972882284015625,0.015145398062499999,0.019519506668022654,0.03690000484070781,46,8,10,74.0,8.613850803018949e-09,4.3069254015094744e-08
0.25,delta_selection_error,64,0.1921875,0.0,0.12343749999999999,0.2640625,30,3,31,19.5,2.857376183050403e-06,1.4286880915252016e-05
0.25,delta_selected_test_ba,64,0.027972882284015625,0.015145398062499999,0.019519506668022654,0.03690000484070781,46,8,10,74.0,8.613850803018949e-09,4.3069254015094744e-08
0.25,delta_oracle_test_ba,64,0.0,0.0,0.0,0.0,0,0,64,,1.0,1.0
0.3,delta_regret,64,0.03646311315195312,0.024053030303000003,0.026732763554533984,0.046917590729453514,48,9,7,62.0,1.2467601581913256e-09,7.480560949147953e-09
0.3,delta_selection_error,64,0.2359375,0.15000000000000002,0.1609375,0.31562500000000004,34,6,24,36.0,4.6488405826532663e-07,2.7893043495919597e-06
0.3,delta_selected_test_ba,64,0.03646311315195312,0.024053030303000003,0.026732763554533984,0.046917590729453514,48,9,7,62.0,1.2467601581913256e-09,7.480560949147953e-09
0.3,delta_oracle_test_ba,64,0.0,0.0,0.0,0.0,0,0,64,,1.0,1.0
