missing_rate,condition,n_runs,mean_regret,std_regret,selection_error_rate
0.05,matched,30,0.012185,0.018886,0.533333
0.05,mismatched,30,0.012741,0.018409,0.533333
0.1,matched,30,0.013527,0.019972,0.533333
0.1,mismatched,30,0.012518,0.016545,0.533333
0.15,matched,30,0.011879,0.018307,0.433333
0.15,mismatched,30,0.012332,0.022095,0.466667
0.2,matched,30,0.009051,0.013658,0.5
0.2,mismatched,30,0.013032,0.021042,0.433333
0.25,matched,30,0.009097,0.017124,0.466667
0.25,mismatched,30,0.019278,0.03863,0.333333
0.3,matched,30,0.011051,0.019066,0.366667
0.3,mismatched,30,0.029294,0.050597,0.433333
