missing_rate,source_pattern,target_pattern,n_conditions,mean_regret,selection_error_rate
0.05,block,block,230,0.01672635800901871,0.2565217391304348
0.05,block,point,230,0.018577721402576318,0.2826086956521739
0.05,point,block,230,0.017147220754567104,0.27391304347826084
0.05,point,point,230,0.019484192436822922,0.2826086956521739
0.1,block,block,230,0.016045829301626603,0.24347826086956523
0.1,block,point,230,0.023587286411851933,0.33043478260869563
0.1,point,block,230,0.022474462148806617,0.3130434782608696
0.1,point,point,230,0.01985650017053103,0.2782608695652174
0.15,block,block,230,0.025065552712990248,0.30434782608695654
0.15,block,point,230,0.03760196935049793,0.4434782608695652
0.15,point,block,230,0.026459984311338506,0.29130434782608694
0.15,point,point,230,0.017579859321563054,0.2956521739130435
0.2,block,block,230,0.026556148538148725,0.3739130434782609
0.2,block,point,230,0.040319989777792116,0.4217391304347826
0.2,point,block,230,0.03467689181244512,0.36086956521739133
0.2,point,point,230,0.01851326319852792,0.30434782608695654
0.25,block,block,230,0.031679869944348425,0.41304347826086957
0.25,block,point,230,0.04913615940532726,0.4608695652173913
0.25,point,block,230,0.04069411368737822,0.43478260869565216
0.25,point,point,230,0.016717151146102012,0.2565217391304348
0.3,block,block,230,0.03209333680034285,0.43478260869565216
0.3,block,point,230,0.06397432243481797,0.508695652173913
0.3,point,block,230,0.03892845660477102,0.4391304347826087
0.3,point,point,230,0.012412310318612898,0.21739130434782608
