dataset,n_train,n_test,length,n_classes,train_class_counts,test_class_counts,train_source,train_sha256,train_modified_utc,test_source,test_sha256,test_modified_utc,val_idx_sha256_seed1,val_idx_sha256_seed2,val_idx_sha256_seed3,val_idx_sha256_seed4,val_idx_sha256_seed5,validation_missing_classes
Adiac,390,391,176,37,"{""1"": 13, ""10"": 11, ""11"": 10, ""12"": 12, ""13"": 6, ""14"": 11, ""15"": 12, ""16"": 10, ""17"": 11, ""18"": 9, ""19"": 14, ""2"": 10, ""20"": 9, ""21"": 8, ""22"": 10, ""23"": 9, ""24"": 15, ""25"": 13, ""26"": 9, ""27"": 13, ""28"": 13, ""29"": 9, ""3"": 5, ""30"": 13, ""31"": 9, ""32"": 13, ""33"": 13, ""34"": 9, ""35"": 10, ""36"": 11, ""37"": 8, ""4"": 14, ""5"": 4, ""6"": 12, ""7"": 10, ""8"": 13, ""9"": 9}","{""1"": 7, ""10"": 9, ""11"": 10, ""12"": 14, ""13"": 14, ""14"": 9, ""15"": 9, ""16"": 10, ""17"": 9, ""18"": 13, ""19"": 12, ""2"": 13, ""20"": 12, ""21"": 12, ""22"": 10, ""23"": 11, ""24"": 8, ""25"": 16, ""26"": 11, ""27"": 7, ""28"": 7, ""29"": 11, ""3"": 15, ""30"": 7, ""31"": 11, ""32"": 7, ""33"": 7, ""34"": 11, ""35"": 10, ""36"": 14, ""37"": 12, ""4"": 6, ""5"": 16, ""6"": 8, ""7"": 10, ""8"": 12, ""9"": 11}",cache,f2cbbe9c25448bd084488318000640466a5adcea239eded0b7ec6b4f0526bcaa,2026-09-23 09:32,cache,5e86ea7a1de93f8d0745e6b81760867c893c32b825295428630c18e15799a55f,2026-09-23 09:32,82e12135f86503810649864ed68c9d2e1a8b40d5b9f1b594fc0ab34cb4f87b25,45674935d75fb432ab5ce89642a865acab00467e535f1c50712df6ec93f54377,1c0bc1e622133c779f5834ad10d71b8ab270f2f36560569f2611c6c6d1920ec9,60bb51f8c3c945f9122a712dcbaea5634040d3c92ab34be3e586a9eeb419c231,988daec173e5ea79b3cd00008a71417779044bc179f2cf1d70606ff3d4165077,
ArrowHead,36,175,251,3,"{""0"": 12, ""1"": 12, ""2"": 12}","{""0"": 69, ""1"": 53, ""2"": 53}",bundled,a83c470aaf611a5f5284377cce27a5fc9f6292bc3d110257b0fd4905ced5ee72,2026-09-23 09:43,bundled,5417dab42626d41df5e435bb22458c2df40dfad4bcd3b59559bbe72e20e84904,2026-09-23 09:43,7155c9fe830505b1de226a9c017c15035ad87f2988ad8e3824f1df7891fbd4eb,b6fcaab0523f094d3048e4daff410ff93426d3a352a493cfcaee030a7ee03cb1,42a63c79cd7a8d899856b011a93fe4e22fb255a5379b9259b845fc4665794888,1b4d0cfcb4146aaac2bb827e34cc4b6605362abcdacf826a2267911f0e6370c3,65c989d62ecea9ed6875fc049c0086a922517804f629f2030440337ad2ed97d9,
Beef,30,30,470,5,"{""1"": 6, ""2"": 6, ""3"": 6, ""4"": 6, ""5"": 6}","{""1"": 6, ""2"": 6, ""3"": 6, ""4"": 6, ""5"": 6}",cache,ba418361b1b3d28f4c3ec971546294678bece32ce985421df2ca7d2559914c59,2026-09-23 09:32,cache,691597afc2a930c81ba2d011e0632e758ec64fbe3edb51000135ddc220ffca19,2026-09-23 09:32,c5f370846a4a3146ff3331a7d29cd319cd503a98d3d5ca06d3104bf179a84eff,ed0da9b726a9e80a3a9d08ec98fc07be0c9d1722a67209cbb7a3002c17812c9b,43e102b45a95f3903719ee6a732d271f54ab3c9ecb24216ab6789307e5c03fda,94bab808864d00acabd181e30666f118fa7b75da4eaa0b11bf8fa614cc423cd7,b7a757a2bc28c8a3ff734ebc35f8e43e7c6548b6a68514d909c2622162658f53,
BeetleFly,20,20,512,2,"{""1"": 10, ""2"": 10}","{""1"": 10, ""2"": 10}",cache,34e14cf69d4a1967739405286e81c16079a36705fa7725e564e905d2c2076605,2026-09-23 09:32,cache,e369ae6262b15bfa86d9304a0fe64aa05826a147453044d9787130ebe8b125d9,2026-09-23 09:32,7e7bb30ff22142d6671f61b9fa05965fc6bab4c66c1d6e80963d9d231b890ad7,3aee24166e731cac28a8848d8af89a12b4f813e2e8dd25cd1f15abcd3919b718,507b359e81bf81ea96991aad5a0d72f4ff3a0742da4e882951ff1a9ad5bc0cdf,21c351b97c91bcbdf6bc87d33f5c80dc96dd2623da3371352f15d8b1f135ba6c,71e607e9c784fea65f2a9f17dcd7a6f44c81ba24a22a34d0d19710c36c1ea332,
BirdChicken,20,20,512,2,"{""1"": 10, ""2"": 10}","{""1"": 10, ""2"": 10}",cache,5c9f53b3c5109610d2bba5cc94d5e4295e21f68f9edf1cc19d53271284306631,2026-09-23 09:32,cache,bdc0d8d75cd916776ccd8532035a56c42af42883a342a0c7da86c914a9f682ba,2026-09-23 09:32,7e7bb30ff22142d6671f61b9fa05965fc6bab4c66c1d6e80963d9d231b890ad7,3aee24166e731cac28a8848d8af89a12b4f813e2e8dd25cd1f15abcd3919b718,507b359e81bf81ea96991aad5a0d72f4ff3a0742da4e882951ff1a9ad5bc0cdf,21c351b97c91bcbdf6bc87d33f5c80dc96dd2623da3371352f15d8b1f135ba6c,71e607e9c784fea65f2a9f17dcd7a6f44c81ba24a22a34d0d19710c36c1ea332,
Car,60,60,577,4,"{""1"": 16, ""2"": 16, ""3"": 11, ""4"": 17}","{""1"": 14, ""2"": 14, ""3"": 19, ""4"": 13}",cache,b30e4084b0aef0db714447671baed25798b33e84fab78c7021de546d02472fed,2026-09-23 09:32,cache,7ed7fe3b6732e842d03870b143a332b43afabf2592fc181d32b4f554d3efc71e,2026-09-23 09:32,f9ea0dae2af4bfde138112d5224567928eb10ce1e600d610b7729999c6d3facc,12d22a0b55d52cabf9001b6c4383cfa0cb375b2ae5dacc66391b7be9d112a22f,0328b09f55983ac5035a14e95def50f736df8188feac567b6ead14f6e8f7ddaf,584d5a797b59bf2188d2d2d157bffc8a5e8a3afcbe0d99aecfcd5601a7318731,1fff204de1c55d2a03e4cfecb738bd08788683e36218073a5741bdb306c192cf,
CBF,30,900,128,3,"{""1"": 10, ""2"": 12, ""3"": 8}","{""1"": 300, ""2"": 298, ""3"": 302}",cache,f42c88fbf949bf7dec0e8df7325724623301a22d4190c7c035fd5b025e5b71fd,2026-09-23 09:32,cache,88b1fdd0dcf9c5e6d8cad5557a164aab6bf239c3facb6dd902152e235f1db9dc,2026-09-23 09:32,79a5bcbe4ed0f417efbeaca0a77e1c11bba9333dcb4901df589215445012ccce,66cdaabf7a14beaba0bf24df2e1b5333d3ac7aafd4b6550866cb37b598f37f56,27ab5c029c2a9f4c6f5dc8ceb170f51d4df4785b94de31d2920633d89d9afb70,6974404922c15ada6e7a2be6261ccde972ce8d21206ff298a0cc1e557ea6042b,bdd93b8420cc65cbd062fc1c9aa31dcdeadf04ce286a3c23ae291f09a4e625f9,
Coffee,28,28,286,2,"{""0"": 14, ""1"": 14}","{""0"": 15, ""1"": 13}",cache,8895cbfd605adfa65b155b9ff81beb81c238ca4151abd4e964538c9c5fedc1ec,2026-09-23 09:32,cache,914a553a055b913859a4e0d80aa7fb080166b33e06cdbcb4f1e5ed80f10417e6,2026-09-23 09:32,a48556ee9df20d783b0af5a8e1839f7851b2632d7234e456dff6ae1f83c691dd,f3a7705c565b970bff6b86fe83a6bda12fbc95cd9c62e3be15ba509d39814c76,4156e783c4a98b2120cf5c9886dcb21db7988c6bbaa8fd057c7f403e9d3791b2,9fce32b0be4fb038c822d0f612c86b47ba377d9e569a918be07bf578c0e6a98b,d45ff6a6689134d20195117f9f362590d07cbfcd7155ccabf7abc2202ed3936d,
Computers,250,250,720,2,"{""1"": 125, ""2"": 125}","{""1"": 125, ""2"": 125}",cache,635262b3728d4f35a385376993c980aa5b3086440916be883f1af4cc57580cba,2026-09-23 09:33,cache,967c52c10cc1136ac2a649a68b765525d78302f45dd423f93dd984caeb108641,2026-09-23 09:33,03f58496a3623461293c54c35eabe6ff32ab13ac811c5c1f9d5e2dcccd98bd09,05bfee2ee44bf9276b09519ffb674009e4e164451fa3d032909cbe907ad558c5,35e030a7f6fbc00a0af07d77ee211774c243650b2e652fda2861ab63f9ace429,d724a38b22a6ee20080cb9cb9d49913140b14c6d8649c53b41d8d25f46b65a20,1dc2410b6a97960e8cdb8d541cafcc1dda168ab52c23b65eecc9ebe65417f487,
CricketX,390,390,300,12,"{""1"": 38, ""10"": 28, ""11"": 39, ""12"": 32, ""2"": 31, ""3"": 34, ""4"": 35, ""5"": 27, ""6"": 34, ""7"": 36, ""8"": 31, ""9"": 25}","{""1"": 27, ""10"": 37, ""11"": 26, ""12"": 33, ""2"": 34, ""3"": 31, ""4"": 30, ""5"": 38, ""6"": 31, ""7"": 29, ""8"": 34, ""9"": 40}",cache,e5b170e5c591b90e982fa3292344f26bfa40f5ff2d785af3e02582b0b6d87eb7,2026-09-23 09:33,cache,27de3f355366ce93cb36c2c3a64eabe94011e94011e261403040d8751db6063b,2026-09-23 09:33,2379919316cb605a99622fa3035194acba39474afd583ccc60fe653ff6b31898,95bd593078465408ed896976aba14ba84a5a79f62256c1a5b9004a4b24d3dc84,2ea5b02aa6476d143500a498ef93d38ac3b6179ba05f0f5fe85606be4687c081,5824a7e885c9cd41c36c46b43cd50c4c7e00285134a1cd8a14a30b4d40128e0a,0d644b05ef20e297047b1b2b2a3bcd8e0fa163e967568f1e4c0c0f3dabfd9425,
CricketY,390,390,300,12,"{""1"": 28, ""10"": 32, ""11"": 32, ""12"": 34, ""2"": 34, ""3"": 36, ""4"": 30, ""5"": 36, ""6"": 32, ""7"": 32, ""8"": 33, ""9"": 31}","{""1"": 37, ""10"": 33, ""11"": 33, ""12"": 31, ""2"": 31, ""3"": 29, ""4"": 35, ""5"": 29, ""6"": 33, ""7"": 33, ""8"": 32, ""9"": 34}",cache,efa7681b194584af67899f39958d2a988d73142b58368781978fffdf07d9b23c,2026-09-23 09:33,cache,cfc5a9aa59d24d204976e6cb81dccada41bdf1a129c675f772a12b3f1b957515,2026-09-23 09:33,5f2528f79c9f50b0fb829bcf03229516ec9ae038adb6e6354577374d1d08cc03,5be0c07021cc3d893172f796a6d3b4b4faea0d26ec23159b04768eb9aabf35f3,ac24987902ef4b01e1717a1fbeac0249a7452c2d9591f652e946b0aebe492fcb,07d892abd8b8c127195668132a409d204559986f7a63ce3ace88a4469dcd9a01,661d6955fdb949aba9890fb194d331e5ef3e5f0bd0c8630ffa582104bbda6ae3,
CricketZ,390,390,300,12,"{""1"": 32, ""10"": 31, ""11"": 33, ""12"": 36, ""2"": 27, ""3"": 25, ""4"": 32, ""5"": 29, ""6"": 36, ""7"": 41, ""8"": 37, ""9"": 31}","{""1"": 33, ""10"": 34, ""11"": 32, ""12"": 29, ""2"": 38, ""3"": 40, ""4"": 33, ""5"": 36, ""6"": 29, ""7"": 24, ""8"": 28, ""9"": 34}",cache,1293318cb5303864b5d903ac09ac4c69be83286c0e5020754c80a0c497c4adb8,2026-09-23 10:01,cache,b389374704baa84062f4f3c0f135aac6033fabbdf4abea00f87d4bdcf4750cf0,2026-09-23 10:01,ae934ff420f03602405bf530c9011223b4e9613009806401b6b20d34293c2470,b1a5d4d6a283547c729511f2fa539224e70ab0df23fd7eb7e103561df6d7d5d7,abda7171b2e9d26a333eb8e6628ca4da765921f1856721b11923aa0ae0dd4912,977f310af899842a49e9f1f26563d2aec0f65de2831bd089ad207edfe7ebaaa9,678062a358011492c1e02f3032df691b1d1ca700f54f03c551bc62aff5c29753,
FaceAll,560,1690,131,14,"{""1"": 40, ""10"": 40, ""11"": 40, ""12"": 40, ""13"": 40, ""14"": 40, ""2"": 40, ""3"": 40, ""4"": 40, ""5"": 40, ""6"": 40, ""7"": 40, ""8"": 40, ""9"": 40}","{""1"": 72, ""10"": 95, ""11"": 8, ""12"": 66, ""13"": 287, ""14"": 32, ""2"": 138, ""3"": 136, ""4"": 131, ""5"": 136, ""6"": 147, ""7"": 109, ""8"": 233, ""9"": 100}",cache,3b38b6df2fa821e20020ddfa0d545c6b4cb8adee0a2ca6ec9c674c75461c738d,2026-09-23 09:43,cache,894e16ba03e05f19410a3c0cd9cfa429137be09d3eb7779ee35b25e5df1db71e,2026-09-23 09:44,e857589cd59beb63e87496b3682706b0d59ef91bb593a9f44727ce4e33b6a1da,fa584f2c3838957d032f9b2102b81333558c013677d9bc475e4fa3775e299f04,9b93956cd3084ea5de11f5fb919cabc6545d5c822baa5be27f96d24b851ba329,afd64d03b6944d1b2987c3895bf7309871ef15315cfd04ba14f1bc4faef88e84,7ade909e7e68037b5a9fbf917684012234501a18d2f6826dcf7dae88c067b64e,
DistalPhalanxOutlineCorrect,600,276,80,2,"{""0"": 222, ""1"": 378}","{""0"": 115, ""1"": 161}",cache,fb5b488b8a2d651ed208a64756ceaf20249d877857a852a3efb428f33c14532a,2026-09-23 09:50,cache,d8b41efbffdc673017befed2a2538f286c906eb3ca7e9edc08993bf3da8165f4,2026-09-23 09:50,dc0d2482c6452ff421769bbf76e02274dc8df15a4885e3da91d0cc9130db2cf0,5e238aa0a910f7301e2b8b8f5929ec3ace6ef64facc0b9c48416784f1a85b443,59a088a3078ee9d8aba119efe65e7611902ed86e9d893dcfbf17e26c679f3721,9881f501edd6fc540610ba3b3748c11c364dacce6effb3179a9d8f27d341e1c5,ba95e7c28d038d1b3574d86c08db78289c1a729bb2abf32245a555a135e95af2,
DistalPhalanxOutlineAgeGroup,400,139,80,3,"{""1"": 30, ""2"": 113, ""3"": 257}","{""1"": 15, ""2"": 59, ""3"": 65}",cache,4d085611080a5cd36f6402662180ec43008a67b5fefc86aaae414dc04ad5a251,2026-09-23 09:50,cache,979099688e16ba0613b8fa0eea1e5ce2f51e897c314a0e7920c22a9455001268,2026-09-23 09:50,c254219d9de98a7369b9c09c4d9fc84db05f00d2f970fe45ea4960e4bd012368,879049e9bc9e0a3fd6c1a1ffc9c8df40139446921483e2138673cba99f387262,c4b0e19dd0b99aa343f5bf38c999327207caa8e274b6170eaadc1c50bae7f07b,9a9f72b905f9d00c6261672c061341f2af71b8a6a51d3d22531ad3f710287248,6b0f308b3bdbbd8d9623c5290fa4c391d2db94d8b0637229fc90c1f53a5185de,
DistalPhalanxTW,400,139,80,6,"{""3"": 29, ""4"": 28, ""5"": 82, ""6"": 30, ""7"": 18, ""8"": 213}","{""3"": 18, ""4"": 19, ""5"": 39, ""6"": 13, ""7"": 8, ""8"": 42}",cache,da39d9cb8f1d9b4a86a4958633d0d6bbfd32eef109ddf2a63748cbe5c44b7337,2026-09-23 09:50,cache,328d90f97bc1da79241a7a46824157f1673135aab6b0925a736ba12c4b4aab87,2026-09-23 09:51,42fd6388504586c1b599ecf11abe90722cbe39aaeaff5830a61289de3465f23f,f6faca2f287d7df33fbaf3967f59ea441413fb2f4505536cfe05987f8f54973f,00ecf1f16047bb831cc58b01a900fe4f4df3e36091d4c4f7f2afba9678c9ef6b,7f44ebd820b25c3e1eb52d3444de7fa8409dea5f2c99fef693a8131ad465271d,f10a27510589f8eaafd696ff73d7cb62a160dc4a907e677385164348e25ede98,
Earthquakes,322,139,512,2,"{""0"": 264, ""1"": 58}","{""0"": 104, ""1"": 35}",cache,87ba4d664dceced7cf7aa55e6d98ab5e6306fd53d578a4366823f71884bc8cb9,2026-09-23 09:51,cache,0a474de00135797087448af3b9f212f80282a15bce676d591d078a5deed704ca,2026-09-23 09:51,0a7a3fb8c87abfc9a9d1b1642f2ec6ab456468e18e0b2664c20a32b2f7648c75,6053c68c6d7b63b24ee34096ad12e6ecae4a8749d36fec3d36c04180c4ba7c71,e5995f1b98331673c8a7f42d1b8a8f4ecfae0a8b16b61fefc1f6ca82bc77adbb,ad5f45ff1f1dee547d6d8ebbe7078be00e6996403cc056a444a13968969d0f81,f9e81dbd1246162144e259666be8216fc2bf81023da2d691f79afd6cb5fe1734,
ECG200,100,100,96,2,"{""-1"": 31, ""1"": 69}","{""-1"": 36, ""1"": 64}",cache,6b855dbcbae2d968937c2416d22bdc2dc74be90d5ce6345f56950fa7e754b3fe,2026-09-21 14:18,cache,526d18e133ea51ac13dc528fa2bb13f63b4f93473bc329f0fb8a03d4ec92c235,2026-09-21 14:18,fd608aa07ecf2e9ded57822850caeb407d5bec6b767cf54dae03dc3a1452c8fe,bbf78b9e68c61ad1e48abf92da41196db5cf7a82aba58d5dc89d7e9101683d84,9b34d09e4478c127ad9246c9f631ef3aabe01f7c0939aa1d58c5e8234c6e0dd1,ade677122bb84abd16212169502d719533897ffa623e76e70fe5265df36b6872,a6e4c65c4f67eedeb1d4b9f4e4c267b23aba2710c79d963802a96fb83f17c43f,
ECG5000,500,4500,140,5,"{""1"": 292, ""2"": 177, ""3"": 10, ""4"": 19, ""5"": 2}","{""1"": 2627, ""2"": 1590, ""3"": 86, ""4"": 175, ""5"": 22}",cache,1935be5cc08203aa7c0de288fbceb48997d475f43ee610fa373fd6f4a0d66775,2026-09-23 09:51,cache,2343d4f750e3b2b4b0f470d985afadc590dbc69695597db6bb4888ef01c015ce,2026-09-23 09:51,339aa2b2632dd267bd979bdca6b2e0d69112a54043229360067e1982dea7a094,a534045571aaa6a76675e9f4bfcc3d33bf81d0bded5a66d2e65ba3fa4ae6d747,9a3f063136e295fb88c357e53a28007b74d482545c832b0861f424a1c0b75c06,5f7e7111e1d7270ba77741f9f90ef5d7d5323b118954b309e71615f75d129ce6,62071f395bf1a51224e22490c3b8b27021a1d634bfa233a4a28542db76da059e,2:5;3:5;4:5
ECGFiveDays,23,861,136,2,"{""1"": 14, ""2"": 9}","{""1"": 428, ""2"": 433}",cache,8e480605d6308ede53bf1f80694ec36f2b36e34ffc44e2090f5c182f44417d0f,2026-09-23 09:52,cache,8740d881e1992ba27e84848cac5aab2d68f5c41595a51895e4a7e25257cf07e7,2026-09-23 09:52,2412f88cbb2f4297e3928bd2c00d92e8776248d3122c574d034a994cf82fb94e,0341bf6b095f7087af6a192b4308f2dd668f93c7802968dea6e8ef1456544811,43262324c13bf05d28fc69756d3d1f4988d8f7c855f99da06df72a5d0d1e4510,3342074bab17eb5e682623d192f2018408c273ecb2962c86620cb3db71e53b8a,3e9c4a3eabf823db215eff4d62654f6b9829629ea7ff5802c29334dbcade2fc7,
FaceFour,24,88,350,4,"{""1"": 8, ""2"": 8, ""3"": 3, ""4"": 5}","{""1"": 14, ""2"": 26, ""3"": 26, ""4"": 22}",cache,5f02a142d03bdc1482819c39f96c100af981d406d62be2a9a208d11060aa59fd,2026-09-23 09:52,cache,1626e83a59757dbf318ee91d4263f0b966886b0641e7c337caa01293c4258939,2026-09-23 09:52,392615dc999a8fc59bb2bf05bfdafdae36a9c905eb2727b00f59dd8fc32e2bb8,4d9adba145c22f7ecf01dc50eefdc375db10c9b30b5031f0b341120429f819b3,0fed0bf90340e36535d6e10c9eb01944284c98ad0a6d762b34fa1d389e4d6f75,9c7484fad7521134a534eee2870104487a8e5f8d114b48f5a5ed8c1cf45719de,d9593e89332ed160ac7901348b8de70a1b61922516817b549340e4cd66219469,
FacesUCR,200,2050,131,14,"{""1"": 13, ""10"": 8, ""11"": 4, ""12"": 11, ""13"": 33, ""14"": 6, ""2"": 12, ""3"": 10, ""4"": 22, ""5"": 15, ""6"": 13, ""7"": 14, ""8"": 27, ""9"": 12}","{""1"": 99, ""10"": 127, ""11"": 44, ""12"": 95, ""13"": 294, ""14"": 66, ""2"": 166, ""3"": 166, ""4"": 149, ""5"": 161, ""6"": 174, ""7"": 135, ""8"": 246, ""9"": 128}",cache,dda6897df22db05960b00a5147f53346774848bf86ccb4d918fde201eab7ad0f,2026-09-23 09:48,cache,042b5c265c2c88686abe7b544eb78888ba5ebfd787dc21d6368080dd0883456d,2026-09-23 09:48,1bf3b8e51e228e38e9ae1a4f2f357c858c2c380a9eda1f04a613a8a949883752,e30df78a96bf98d074ec0d4c9d4fc0e0700dde8124f2a24e84b425cbd5bcdc58,9c7a93c0b8ae0b82dcda399b1773a6c6321dcd2571899ad267393e7f276a18fa,96ebb8d879a9df78ca2549cc0f7223171d87486ae391be330cfd3f36a69bc5c0,757cad54761206e1be1178c6c0e8099909b9282f4cd295a11c19706c72d95623,
Fish,175,175,463,7,"{""1"": 26, ""2"": 25, ""3"": 28, ""4"": 21, ""5"": 22, ""6"": 25, ""7"": 28}","{""1"": 24, ""2"": 25, ""3"": 22, ""4"": 29, ""5"": 28, ""6"": 25, ""7"": 22}",cache,ced920d72a6767bf21f0863b65e2be6a09328d0a227b5d8deabb8d34e55e1a75,2026-09-23 09:53,cache,9d9f5d0c95238047acc4757e2086b15a1551f81c37e73d294997216c23bf0d02,2026-09-23 09:53,7fd3d3f427c260ccddc20ca7c043c012614d10df4b366fccbd50c74fd87cc5aa,b2ae6641f0ab17af7233f4d3a56ddcff8b3985665ca1e07f3014d2ead3d145a8,be573c320b20feb9a6563f8d49b6fd2646f31fc8d4ea45a532dd2a53a563413b,c56c57c8c3478529e69f551e9fb1a4e0a7bb1fcb8cc3536839097c6a15447515,381cd401b838ae4494aaf677d8c380b18f8458530225f6a050af013b7a169765,
GunPoint,50,150,150,2,"{""1"": 24, ""2"": 26}","{""1"": 76, ""2"": 74}",bundled,f842401779fd9800d247d8b33121a1a4643710a19b24917dbdd9a060ca8630d5,2026-09-23 09:43,bundled,79332750788a6227b325b96bd0d70130c8eb707b9731f8d7dec62b7a7d36017e,2026-09-23 09:43,fbeee921a5337ec3e6bd80d6732153f8de2d1ce700f7d66d27459503e0b8fb91,32521821b6faa2cb3616743ca7ba2119f3dfa86e36d2916a8ae35ef8b9e9b48e,6276cfab42f749ffde6a23e837be89e90242960c31f5570c8da2433709b8488f,8eedfd6078b6cb88095734f806caccfa8f57ce233caa12110d66843064951099,4f30db504cf3367c6931c1f9c69e1839e781d0efabd3c8ba8e8897907bcd062e,
Ham,109,105,431,2,"{""1"": 52, ""2"": 57}","{""1"": 51, ""2"": 54}",cache,65aa90184caf3b0bf7bed78c17f8aa3b184fba0d3e94f0dba979ff364ee407fc,2026-09-23 09:53,cache,9417a9349212d222650361592fa082a8a0cc34a5032bad516176fe85dc585c17,2026-09-23 09:53,667aaa8b5fc39fcec6293e022777acc4917ed96e090d2f5f54836f679ca42829,d0ad5d74a2b2c53a8f05f9a5cbdd29d27a91ff3753326ef51a9abf466f277204,94539f54ac068d65730fb4a436ce78535456d3bb63e07371f10e678fdb83b2e6,2cedbc43820de0c70dc96f28c4b4010f884cf38d17073112057e3ab848660733,6f2ad46f4cc4a8bebeb113c4f5f5ee31f36f581aa954f557e88bf74a32a14887,
Haptics,155,308,1092,5,"{""1"": 18, ""2"": 34, ""3"": 34, ""4"": 36, ""5"": 33}","{""1"": 60, ""2"": 58, ""3"": 59, ""4"": 64, ""5"": 67}",cache,1ef6d9874656dc20c53fc84d3282cad39eaa7113a382e208fe1cffa6b4320865,2026-09-23 09:53,cache,3a3bc40463592e4e32e971516405d8c216997ce1b00221862ccb6fa19d9758a5,2026-09-23 09:53,3bc8ff504ed7fd4d30aedeb303b685addfd43da367f1f9aa4c831af978d2b0bc,eaedb136f2f54490c398f9760d5681b99cf3e00d684fe3fc8ce32c149bfde779,9112f849dbc9580727fdaf766b0ff5a56c90e0b4ea75aa0566a0df24b4882b31,a329afd82fdb479bf1ed927a2864c66310e7032647420f8eb644d4a0e38a41da,d281e63cd19d10d54e7786f6b354e09d15ddc63494d8c0ab26b6e5665ee22869,
CinCECGTorso,40,1380,1639,4,"{""1"": 5, ""2"": 13, ""3"": 12, ""4"": 10}","{""1"": 350, ""2"": 342, ""3"": 343, ""4"": 345}",cache,600f9b150baeddb21a4e2db2a51ba2166839377d94fde819ee46f82ab4ccbd2a,2026-09-23 10:05,cache,36cb8968a7a8f8be5d76118ac911e32ac6e40202a8388db0c151d4269ed4bd31,2026-09-23 10:05,951ef2406abc8219c8458a3eccb0b967ab99ace52a091e06e992f172a96adf54,3c7436b9647e0632408069d5f7f29c7191f566bbb6dfbb0ee46e3b4391cd8677,4662462983ffbdf6cc2149ac2e4bc664f0e3ed4a09b449d71426704bf6edfda5,a75996f87ba943c7b4ef949bd98d39d6046b40050142c605373e642da6fe6e11,652ace86b3d5b15cb792ef82d0bdb576c0b2f0c7576b4ff9b66e98762a2d9ad2,
InsectWingbeatSound,220,1980,256,11,"{""1"": 20, ""10"": 20, ""11"": 20, ""2"": 20, ""3"": 20, ""4"": 20, ""5"": 20, ""6"": 20, ""7"": 20, ""8"": 20, ""9"": 20}","{""1"": 180, ""10"": 180, ""11"": 180, ""2"": 180, ""3"": 180, ""4"": 180, ""5"": 180, ""6"": 180, ""7"": 180, ""8"": 180, ""9"": 180}",cache,c8b168809e1c28ba1e895c582b34f8db48d87997825ecda918b17dedfe444197,2026-09-23 09:53,cache,b01c10620e2608fb23e78b126e0884395cd7f76763a1d5379798e1c1810fed88,2026-09-23 09:53,e390c4c45f394509569c369cb825da8c93737e96455406ff30ffcdb2849df6f6,e54567e2cbf2a7e20d163bbf5acc9b360718aa60239e80bf8370d9544864b7ad,0b01ae209d7ffc7623c6ce4ba0d2f38371daddf7a16b52db33059b5f963c811e,d6237237671ecc0caeb153227df5acbff6adbf38fc9b949e3fee4d3f56acebcc,eb5e245800ba7c37b43ccd2cb2978e623b93e4c03adf7cf1eea0d259269ccc3c,
ItalyPowerDemand,67,1029,24,2,"{""1"": 34, ""2"": 33}","{""1"": 513, ""2"": 516}",bundled,341269cb7e6cef96846b30e774580beec79addb93848ba360145219115a74b7c,2026-09-23 09:43,bundled,26122451f87dd0387ef90b18bc8a86c041371b8a1c068004922b939971247144,2026-09-23 09:43,c4da0e2cb673362c034823567fb3c86c066c6df122914babbec7cf09317eeb2d,74fc1a48b31b465e973c5f0e2c1255f2e26572d2975cc44ae73cc069d2a5d6df,65bfbd651fdf4fc58695d314f4e34e4254f355884be74d7e09cbabf8ccb97370,07ab6125f338bec03000428611a1a4407e2edc655039f3027876e03ba9ba88ad,3f2530f1bba58385ebe6eba1e38bde16d766377955dabbf0f94180fe21d1042f,
LargeKitchenAppliances,375,375,720,3,"{""1"": 125, ""2"": 125, ""3"": 125}","{""1"": 125, ""2"": 125, ""3"": 125}",cache,fd35144cf7c07b25b117139c81c25166823b1476f4b4a9199828ba666d4e6f63,2026-09-23 09:54,cache,4fb2fd578721213250357d4f24a8c48adf95b7260e0c1b7e8ecf4c46de7debbc,2026-09-23 09:54,cfc7fc42cbfc8ecee10e27d10507cfaba2dec8383c978bd880f009b044b678c1,35ce3d11076ded07617128c255fdc555e78dcad9d8853d6c6d8c787df34691b3,a2e79bd1c0de9eca4a10f31654129a362adb251d0be82366b038e2932c254d14,8af7a7f933fe700e4fdf49fed7969665d9f2d16b7c8528712a2b8f27b5d4dcfe,ec4e890ada1f11250b3e0226d196b02b113fdf2fdea3ba48253b9194ebab83da,
Lightning2,60,61,637,2,"{""-1"": 20, ""1"": 40}","{""-1"": 28, ""1"": 33}",cache,e52c127f3c83d98325e4c6c29d39df72e244633996ca1a5c75e8e36fe1f7ad46,2026-09-23 09:54,cache,0e68d9d11b9b2000d4e16bbc3064a5a98be12a23cf1f38e26b073d2488fd3a87,2026-09-23 09:54,c3fe8e21575223f794132b038c29e0698a5d80ee11f717ceb0441f846f3b7137,ffc8168a5e5fc82db65319484bf308d4584bbefe969614501903ebdbf8bbbfa0,538da18f7defe47693ae85cd58a720348994596209c978594a76fd1a0711844c,d7b07d654adc8995fee234729f1436b026ecac2d93ec0c746a53a4bc672c8fb4,1f250089a1aa01ba069b7030a143825af8633bf2f2d6293aa3b6a22d29b9e065,
Lightning7,70,73,319,7,"{""0"": 8, ""1"": 8, ""2"": 8, ""3"": 12, ""4"": 5, ""5"": 19, ""6"": 10}","{""0"": 10, ""1"": 9, ""2"": 6, ""3"": 7, ""4"": 10, ""5"": 19, ""6"": 12}",cache,87a13f8e3af3d8cff169bc27ee632ef8b66173dd57b5fc8784e3ed8e5943e3ee,2026-09-23 09:54,cache,b0f7feaa0f2602e3b639e00ccbfafcc9d523bc5e7aaa3440bd5c7190e6c1d285,2026-09-23 09:54,e6631f8c93fdd4c993011046918f77714e5d082fa9996e3b98280493e9f24927,1c491402470fc21c8cb4273ac6c72ddc64666788e1e7b76b8504dab36cae80b8,f6cf8d2103fc4134247322639cf9d64c88389c002a86700e594efcbcc66e8a73,585e038cd8a112138f4b73e0accab1dac8dbd62073c9c08b554bd0dca39c0f28,35d39eea8305b64ccd9a78e5eec4a7d7b43ed05cc369225fb911583b09ed4a3c,
Meat,60,60,448,3,"{""1"": 20, ""2"": 20, ""3"": 20}","{""1"": 20, ""2"": 20, ""3"": 20}",cache,869616b76404b0e4b56098647e3ffbf84c20e25b8a3e24baff8939bed77e889a,2026-09-23 09:54,cache,06fe6af71bd6ac5ecd137d32df58a021e373237ebbc9e33b8d5faad9aa81b350,2026-09-23 09:54,324d6930e09bb38d5cda558f1b100b761d76af91774b4e796c7a628006efa20f,d7c3b13036294946e08520bfbb6aa4212b80c17d4da4aca7a0add97847ddf383,ee820ac86d02715c3536fb177f301eb5611d477e949552324e0fe646b0de0ac7,45116e47863c6ff01d0ee5222981070ee3cab6510e4557cefa3bc4529db6cc74,0dae0f22c0ea493ba9763a173391762d6f28586d1fddf6f5dee66be6d3eb8627,
MedicalImages,381,760,99,10,"{""1"": 35, ""10"": 203, ""2"": 15, ""3"": 25, ""4"": 16, ""5"": 10, ""6"": 7, ""7"": 18, ""8"": 6, ""9"": 46}","{""1"": 77, ""10"": 391, ""2"": 50, ""3"": 50, ""4"": 32, ""5"": 35, ""6"": 16, ""7"": 31, ""8"": 18, ""9"": 60}",cache,6548f016a8d2f5e1175443160a8a796194dc04fe5b0eceea39051189ccbcea83,2026-09-23 09:54,cache,2d7e9ccb870d4862928149cb16e3c0386724549ca5bf3e99a873f4d454cda23b,2026-09-23 09:54,87c608e7f0bd466eb104a354b4e1eea25dda18a970da174378db341f743f7740,0bb3f57257e98856c4314d600bf7955053ee0379d9eda33c8dbec62a2d881c7d,974c041808757cdbacbed2ef7869c50031af332bda31f9e2df4530987e1eb5be,fd1053b1529d83780d3c73b886d7dc88beaf566c4ecf4e6fbe93a5b528e3e46b,e36d01a8d2aa0b707e8304daef1e7e6dfabafe4071e40913a070b8842b675bda,
MiddlePhalanxOutlineCorrect,600,291,80,2,"{""0"": 212, ""1"": 388}","{""0"": 125, ""1"": 166}",cache,4d86f14be3bccdf2167af84a3a76d648d886ab1b28e9cc21f917c15ba32b8238,2026-09-23 09:54,cache,48a88aba33cc202d4a7d249cc79c05dc2d51bc3fd115af310992933bc2839d26,2026-09-23 09:54,8fceb29f9d8f9347d0b91568417978a669ac321697df1397ae8cde4133dc32f7,f70b979c0800f3eb0b99f92ca16cd36c78a67400f4b2f694a2f6e84b07485714,7d76af319161e37969ed642661a36ef5b6aa232d85a378d5850a5f9ea130d31e,3b6c68d0ae0b1a14321517221f6a689f17eac92bbfb0221e23d36e29c0c17b8c,7408969db3b4ae4af773bf16f6945e34b52fa85745c4858abf238ca37b1aa3fa,
MiddlePhalanxOutlineAgeGroup,400,154,80,3,"{""1"": 55, ""2"": 108, ""3"": 237}","{""1"": 37, ""2"": 88, ""3"": 29}",cache,4b39482304b2cd0d588f1684b7705e57b2e3c47c4c13fd23d13fb809d85cc691,2026-09-23 10:02,cache,957387a819eb7c07c76973bd6e3a2b59f04cb950c955b65351cc9a8f64553eaa,2026-09-23 10:02,46b59e367ab64037886fae89cc015e853e40b50a7dff733deb3d994a626eeeca,502cb73f9af221e2b51aa5c7ca3f52d94312ebaa7dc0e4d0ea35180b30392041,c27f74335e5f36a8ea7920eb43505600532f7ff7b0ca359643a06cb8dce8f14e,ba1be621da12fc7b7a356606e0cbe2b2736563cd3d871d988b23281bae931485,31f2476830ee2830d1a8c643e3fd98e765e505d34311ea518e5faaef7fdfa939,
MiddlePhalanxTW,399,154,80,6,"{""3"": 57, ""4"": 84, ""5"": 43, ""6"": 30, ""7"": 25, ""8"": 160}","{""3"": 25, ""4"": 44, ""5"": 23, ""6"": 11, ""7"": 9, ""8"": 42}",cache,d40166ce7ebdc660bc5d8d3cef7da360d51f243554d25627622bbb84bd351281,2026-09-23 10:02,cache,b4886e7bce157261d6284caec49cc87516b9bf9104ce9a445cb87f8ec5ef17c0,2026-09-23 10:02,3285f263c8a00540b31ec949b86bf4c1b5d06f636e0248fabed0c76181e74b5f,db6340586e1d49c14e9361746e56f903736d62db02eefa186f61efe128e05bda,6b3ed5bf0ff51c961c60f74ae67f120e1ab71cf58c7cfb167351fbd591d377fc,7dec1b7b90d2b92179450c9878882e25b670fc54973a63f2ee4cc1239b89b87c,3d086e56d3e4a770b9009b18c5017b805175d542d0649b3d1883d4ea4494c9d3,
MoteStrain,20,1252,84,2,"{""1"": 10, ""2"": 10}","{""1"": 675, ""2"": 577}",cache,801dcf199c1d25a9e9e88bad12ad6a71b1ba6f9d0dfc485325b60fd757022bca,2026-09-23 09:55,cache,9313c3e56a4efa807e3c00064f7b124c75e9678fa84b8ccc7680a3e173df5d74,2026-09-23 09:55,12d4de4b77ebc775a87f57f0c1aa4f2d1b26dc10faf3c8504644e690832baa9a,5bdcb4ab100dccabef8f5babd9e7797af9783357ee6e6dd4a3297f7e1232ab66,67934b19f73d4921b4d24401643ea9dcef3a63cd885ec518067f3109b8819f0a,3147a5ce82f1ce65bc3abf879b19a47aec9eeb9c84cf6b64eb810cc74e3ed286,e9e7aa68438a811bc70d114d88239a25e082597e0bc306fd215da72ea773d05a,
OliveOil,30,30,570,4,"{""1"": 5, ""2"": 8, ""3"": 4, ""4"": 13}","{""1"": 5, ""2"": 9, ""3"": 4, ""4"": 12}",cache,6103dcc8dd0d4f02a54eaf6257ecf4cf4c646e12ff6a74706f25c53b905577a9,2026-09-23 09:55,cache,5d0d35cbfa8fc190b4f672b48284a09a06a62066405fef999e5c83b6786c0135,2026-09-23 09:55,368012c57094836a2f3a780d70b1021044a2059cf8d914d509b4a1863dfdb5d7,2eb757168815c32d7ab5298b6e394b7efc03e8a3876e82ff086f3a984b750bdc,3815a0ff29f5642916d186deb25329de6f20ed932b6289d2c048592fd419f776,77c04623da506c2fae7bea4e46167ac741f71636057e3c1c19b985eafa58e1e6,ada22ff78a2b94700352b31a940ab06f3aa25566a97039fd8d3adbf0c65453d7,
OSULeaf,200,242,427,6,"{""1"": 34, ""2"": 29, ""3"": 33, ""4"": 53, ""5"": 36, ""6"": 15}","{""1"": 32, ""2"": 55, ""3"": 42, ""4"": 44, ""5"": 46, ""6"": 23}",bundled,86b9d6e860414ffd26cebc62fff84ffb37fa588ef3e5bf79e4094a437c36ddfc,2026-09-23 09:43,bundled,6c549dd354f9e42d5985fa5fab75321ca9acefc7873457e71467fc8a31f107ce,2026-09-23 09:43,a4360ef437c3b99ebc9f8f64b39f5ac19ea0f52dfc8b60126dc47159020f7706,c4c25fa701cd2a57ed7717f1d3e212955330b9cbe84592511a938e244a980d2d,8c829d08308e4aedbffa55c383525276667e2d4ba1edd792f1fc5071262b2451,e7fc3ebd04737586b7c364819c2f758d6b12b1d1c90952b505e306e51cecc8b2,843a745efd52eaa81a853b1ee9eae0aeeca7f83c0521b6446bc0d17f2f24bc50,
PhalangesOutlinesCorrect,1800,858,80,2,"{""0"": 628, ""1"": 1172}","{""0"": 332, ""1"": 526}",cache,ec91bbfa3e28aa645db7bf51438e5def38df12cc166097818ae777ed19c29b24,2026-09-23 09:55,cache,005f230516efa972bd72dc2bdcf7cc817362bcc148ccdeac7ffd52fe9e5f03d7,2026-09-23 09:55,17b550b0b384420b5375f0e51d0f1ae69288dd1a600fe5cc508fc04645496254,c5772d493746919cd09e7f8da8c7535df41f94f4ae121591fbffda667266d374,8dc82745dab40a7533b9ca991cc9d0c98f23c3474cf2aefa417f8d00af2c8e0b,72dbf5dc793d10c68e599c5e0d0018ab18203ae5848499d58508423e0ea60c1a,ff42b3c6d721b3c8e175b73e9f6f0379243e0fd8fe705f9bb8b226ed7bee02a5,
Plane,105,105,144,7,"{""1"": 15, ""2"": 14, ""3"": 9, ""4"": 16, ""5"": 13, ""6"": 18, ""7"": 20}","{""1"": 15, ""2"": 16, ""3"": 21, ""4"": 14, ""5"": 17, ""6"": 12, ""7"": 10}",cache,75f51b8698b3594dd7b3735db528398d0888dc519f5dfa70c5113c783ca8762f,2026-09-23 09:55,cache,63cb3549529f3f64f0b60bf9d4f4a36f87783de9fd7e3ba7152849a4a19e0410,2026-09-23 09:55,46b438d9a26400daf6a74426c91c61b1767e154d9216878fe810d6ec792d4beb,fdd8e8d25001bc2bba382ed63bf5a48a0667b16c97ba447a25e1771c249dee14,c794c4df6dd3c1e6b6f1b3e61b9cc7860b4be75538d71b154539f3cd5fad40e9,ec1035aa665a283d5917ffe8fd953e340575768f976d2a07c821923c7a458c1c,83de2de547799adbc65034817d5727cdfa9ba4dbdde1acc5ed9d3bac8f993e75,
ProximalPhalanxOutlineCorrect,600,291,80,2,"{""0"": 194, ""1"": 406}","{""0"": 92, ""1"": 199}",cache,0dc8f4e39625e6e6c4745844510ee92aa8ecaa0dd35db0b258644272373cb92e,2026-09-23 09:55,cache,a03bc2fd29b377109bdeffbd420c065adbd3a2cf30258f3a25441f20cadeb72c,2026-09-23 09:55,7459546a0dafe4158b6518eaebde7ac04d8032ab042bd8fe07c5c9fb6868ab34,e112256551e97162f203e1b9e1ffc816424d72fe3550a46c88f45076c46426b5,39624bc1c8de97eb5fc8916dfc71d460daab5e5cc12f8255f80cd37a3b879388,f3ed95cafa208a32eb3f7e10212ffeddc0a0e3eebfa740432c3a72511c282af6,85464637c16e907d9022620712fcfefde88d689d9fb8aa415a2b38b8c18fb912,
ProximalPhalanxOutlineAgeGroup,400,205,80,3,"{""1"": 72, ""2"": 139, ""3"": 189}","{""1"": 17, ""2"": 88, ""3"": 100}",cache,5d8f49977988e4bcd1f23779b790f1b77c3cd131f1d729722062abb7f0e25a7b,2026-09-23 09:55,cache,2cdf801fa274e12c97e561577555051bcafd075506a7c9085083d7ed4c1f64bc,2026-09-23 09:55,88f7e3085c7bb0a332c61d9417c17dad8539c7931d9ae7a7222cea9baa427849,6163dabac137a2ba7fbf24ae140a0f57c6ff0edab1e5970f9134cb43925b98d1,629eb1a7bd81dcdfae55acd330cea5a296edcf3d94d573d8f6c9019e6f65d73e,d914d863d7d6cdd5c8dacf4bf50132e6d08ed07cf8420d49e3277a986d90b5a8,b7f35f96ef2bdf0d59befadae358d1f418a17a4deac845424a033ee8cadcb867,
Mallat,55,2345,1024,8,"{""1"": 6, ""2"": 8, ""3"": 6, ""4"": 11, ""5"": 2, ""6"": 6, ""7"": 9, ""8"": 7}","{""1"": 294, ""2"": 292, ""3"": 294, ""4"": 289, ""5"": 298, ""6"": 294, ""7"": 291, ""8"": 293}",cache,d8e2a5a24c9665a7d0c9d45ce0888d25adba0d18044f09c90147652f5643072d,2026-09-23 10:05,cache,cde2109a3efd3e2a0422a1bca5c723b0615102001a02cf45e2422621125992ec,2026-09-23 10:06,ad63faed391c70082d50f3f73cff586e8424667b984057ecbb491031aa964cc7,1d107a1daec263fb4bbba456316139c1731d9b9af8a9bb3145e65c9ca454c917,5b7af227d0c131502cb7db6d7237462c68f49d562ab21dc53baca448d266c706,45d02b7103264fdf1eb136ad007b79c90ef608984b9ad3ef284a5282b59d6f36,e6ca3b60ede4c8b1506d290ad7bb82ad02ca763a3a4c82034eaec3e76771cac2,1:5;2:5;3:5;4:5;5:5
RefrigerationDevices,375,375,720,3,"{""1"": 125, ""2"": 125, ""3"": 125}","{""1"": 125, ""2"": 125, ""3"": 125}",cache,3ff00c800357cb7aaec7aad7e298a7a463a86b1c2984ccc58561afdc99486fd3,2026-09-23 09:56,cache,7c950f1112112e92cc79d6d49d9b5a60b1f6be2bd8b5aed4ae8f72132bdb7f56,2026-09-23 09:56,cfc7fc42cbfc8ecee10e27d10507cfaba2dec8383c978bd880f009b044b678c1,35ce3d11076ded07617128c255fdc555e78dcad9d8853d6c6d8c787df34691b3,a2e79bd1c0de9eca4a10f31654129a362adb251d0be82366b038e2932c254d14,8af7a7f933fe700e4fdf49fed7969665d9f2d16b7c8528712a2b8f27b5d4dcfe,ec4e890ada1f11250b3e0226d196b02b113fdf2fdea3ba48253b9194ebab83da,
ScreenType,375,375,720,3,"{""1"": 125, ""2"": 125, ""3"": 125}","{""1"": 125, ""2"": 125, ""3"": 125}",cache,f4c24b0cf08fa769ed4b1bd2e7567968f2895790316906416fc20ffbb04879e2,2026-09-23 09:56,cache,da7aa04c6e867f08c5f5474511fb9605ff9518836fbfde04563ba1e00ebe4b38,2026-09-23 09:56,cfc7fc42cbfc8ecee10e27d10507cfaba2dec8383c978bd880f009b044b678c1,35ce3d11076ded07617128c255fdc555e78dcad9d8853d6c6d8c787df34691b3,a2e79bd1c0de9eca4a10f31654129a362adb251d0be82366b038e2932c254d14,8af7a7f933fe700e4fdf49fed7969665d9f2d16b7c8528712a2b8f27b5d4dcfe,ec4e890ada1f11250b3e0226d196b02b113fdf2fdea3ba48253b9194ebab83da,
ShapeletSim,20,180,500,2,"{""0"": 10, ""1"": 10}","{""0"": 90, ""1"": 90}",cache,dfd84628dd135e710d1b28959b43dae1846eb035ca2c77c0465f3b3d4d7a3c20,2026-09-23 09:57,cache,520a57ef71423c8033f194e261d8dd3121d62c6db940534d445d5381aa088b44,2026-09-23 09:56,7e7bb30ff22142d6671f61b9fa05965fc6bab4c66c1d6e80963d9d231b890ad7,3aee24166e731cac28a8848d8af89a12b4f813e2e8dd25cd1f15abcd3919b718,507b359e81bf81ea96991aad5a0d72f4ff3a0742da4e882951ff1a9ad5bc0cdf,21c351b97c91bcbdf6bc87d33f5c80dc96dd2623da3371352f15d8b1f135ba6c,71e607e9c784fea65f2a9f17dcd7a6f44c81ba24a22a34d0d19710c36c1ea332,
ShapesAll,600,600,512,60,"{""1"": 10, ""10"": 10, ""11"": 10, ""12"": 10, ""13"": 10, ""14"": 10, ""15"": 10, ""16"": 10, ""17"": 10, ""18"": 10, ""19"": 10, ""2"": 10, ""20"": 10, ""21"": 10, ""22"": 10, ""23"": 10, ""24"": 10, ""25"": 10, ""26"": 10, ""27"": 10, ""28"": 10, ""29"": 10, ""3"": 10, ""30"": 10, ""31"": 10, ""32"": 10, ""33"": 10, ""34"": 10, ""35"": 10, ""36"": 10, ""37"": 10, ""38"": 10, ""39"": 10, ""4"": 10, ""40"": 10, ""41"": 10, ""42"": 10, ""43"": 10, ""44"": 10, ""45"": 10, ""46"": 10, ""47"": 10, ""48"": 10, ""49"": 10, ""5"": 10, ""50"": 10, ""51"": 10, ""52"": 10, ""53"": 10, ""54"": 10, ""55"": 10, ""56"": 10, ""57"": 10, ""58"": 10, ""59"": 10, ""6"": 10, ""60"": 10, ""7"": 10, ""8"": 10, ""9"": 10}","{""1"": 10, ""10"": 10, ""11"": 10, ""12"": 10, ""13"": 10, ""14"": 10, ""15"": 10, ""16"": 10, ""17"": 10, ""18"": 10, ""19"": 10, ""2"": 10, ""20"": 10, ""21"": 10, ""22"": 10, ""23"": 10, ""24"": 10, ""25"": 10, ""26"": 10, ""27"": 10, ""28"": 10, ""29"": 10, ""3"": 10, ""30"": 10, ""31"": 10, ""32"": 10, ""33"": 10, ""34"": 10, ""35"": 10, ""36"": 10, ""37"": 10, ""38"": 10, ""39"": 10, ""4"": 10, ""40"": 10, ""41"": 10, ""42"": 10, ""43"": 10, ""44"": 10, ""45"": 10, ""46"": 10, ""47"": 10, ""48"": 10, ""49"": 10, ""5"": 10, ""50"": 10, ""51"": 10, ""52"": 10, ""53"": 10, ""54"": 10, ""55"": 10, ""56"": 10, ""57"": 10, ""58"": 10, ""59"": 10, ""6"": 10, ""60"": 10, ""7"": 10, ""8"": 10, ""9"": 10}",cache,467d39c01fc4fd47393efac3facf9268f36405c73fd880880dc31d54304e369d,2026-09-23 09:57,cache,c5f5c7cd40f809201d4304254e601002fd474ae798713c49adc3d95b0b93095d,2026-09-23 09:57,96accf7cff9d23dfa6f3f2254b3a8340cac74236115d92d6f8783c27e9d5db77,a76bb3eb2db0fae6d85da216125637d4953e96080c739ee1e6e2db09955f1dbd,37eda616e2c5d671b889c229140f23954a236abb9785ac3b361aa18bdb20a5f4,02bb8f4c43adf0ec76002cbe133c6b25b1db9db838b51137d99a99aec64206ff,f876e6dc3c9562150f665580e63d60fcfc91b72cab994a2c0080584b3330548f,
SmallKitchenAppliances,375,375,720,3,"{""1"": 125, ""2"": 125, ""3"": 125}","{""1"": 125, ""2"": 125, ""3"": 125}",cache,f0ff13cf7f6db1e7bc983d4e348e45fcceea18fc1d90efa00fa9b14a0113dfe8,2026-09-23 09:57,cache,c09e7eb6d645547c00d2665105e91473e5202119ae6bba5804ccc8add0518458,2026-09-23 09:57,cfc7fc42cbfc8ecee10e27d10507cfaba2dec8383c978bd880f009b044b678c1,35ce3d11076ded07617128c255fdc555e78dcad9d8853d6c6d8c787df34691b3,a2e79bd1c0de9eca4a10f31654129a362adb251d0be82366b038e2932c254d14,8af7a7f933fe700e4fdf49fed7969665d9f2d16b7c8528712a2b8f27b5d4dcfe,ec4e890ada1f11250b3e0226d196b02b113fdf2fdea3ba48253b9194ebab83da,
SonyAIBORobotSurface1,20,601,70,2,"{""1"": 6, ""2"": 14}","{""1"": 343, ""2"": 258}",cache,f0f1f39a43da6aeb2d87cced9fe8f410a33ae87cc7ae6a91397d42c7597d1441,2026-09-23 09:57,cache,7c011605c5e5f9e3472438c5047aec148ea3176c9ea1886fc24772ecb496fb37,2026-09-23 09:57,05c7baecbd8678556b30158ef81fd58da5112ccd0f0a19cc31e1ca4ef1fe5f33,6ce96978d75f3167881e42d188d690ce432daa496e9d9bac0e158061d2c584e3,a95f0935dc768a04937ae985b51b5949b9fc0bf8a3d0c2c07dd59a61083d249a,f736796d5804895a16ec9ff5cbc6df6b04110ae1455d189611cd8e8fb3f80890,90a1b711d627519bc77c21436f6d46e0e1ddf46b5785b2c4f339c78040b87e4b,
SonyAIBORobotSurface2,27,953,65,2,"{""1"": 11, ""2"": 16}","{""1"": 365, ""2"": 588}",cache,c34a4ebc0d5267cd8a402ae2d497a705541ce89eb6f4f8df1897cd1eb03f5cd0,2026-09-23 09:57,cache,d26fa3dba6dbef0f726c7387385ad236d928aedd94c5722b5d83b8a7334add9d,2026-09-23 09:58,b7a5c526881d5fdab0f22ba9ef9ac7a22986d69f386002d6ab2a035d9ec82d1a,033e45629fa9e228b34049c71fb03637140f61c66e40cc12a32cbeaf4912d248,02e893b9cccff7fe5b587f97ddc3d3a4984b7039ec25c98286190be694bc491f,ddba9a3aab6532467894c2a494b50ebdd55b5047ee7db0c361aa1b7b08be6a87,a9cb1082e2f13c4e1fce4d82d499a9ac3532983efef3dbc96dd119a01281fe9c,
Strawberry,613,370,235,2,"{""1"": 219, ""2"": 394}","{""1"": 132, ""2"": 238}",cache,eb1b18f481d6cf34896d509d849a82eec65cefdb19fb1635184c6f38bc4d0739,2026-09-23 09:58,cache,f155b4e9cc79c86647eabdf3d7af21053560b1f473dbc11d1697f41e981b0234,2026-09-23 09:58,612d812ca733050bfa5ad08ca76103ea42272d78d7c7da48ade46900a879ccc1,7afd288ba7e08af95dc07300e6ec064a99252b1eb03c504eb082be592755ab67,d61bd6b276512398ed3e41e08cd1ccbb3ac7b54308c3b1318acaf78d5acc6168,285954a369fb1bf5a94bc1d2cccc2a514cd5b382c36b702eed8982d7f22a1c3e,3147d6680202489c9bc1042843d925923d0ae18775d06ad0144e1833ab106ce6,
SwedishLeaf,500,625,128,15,"{""1"": 29, ""10"": 26, ""11"": 35, ""12"": 38, ""13"": 33, ""14"": 42, ""15"": 35, ""2"": 36, ""3"": 35, ""4"": 36, ""5"": 33, ""6"": 30, ""7"": 28, ""8"": 31, ""9"": 33}","{""1"": 46, ""10"": 49, ""11"": 40, ""12"": 37, ""13"": 42, ""14"": 33, ""15"": 40, ""2"": 39, ""3"": 40, ""4"": 39, ""5"": 42, ""6"": 45, ""7"": 47, ""8"": 44, ""9"": 42}",cache,e99bb629e14a421bfbc1882b98cae2c44f7e941c32e547e97c612b480d0bf5be,2026-09-23 09:58,cache,f9227efdfdaf8583c279c056e33fbbab7660dce4f17628b7f62c3e767ed3c58c,2026-09-23 09:58,a7ae229d13ffe409fdde9b93f84744cc1078dc79896e673c7fe79c473cd03d86,3de4213022873bfc8c579f060fff32e9862ac9ecc0f935fd2956f2f387ae9367,0a5a49d2d8f546632f50992ff9a2f7e73f7812956bb0bc6ce75a3a17b5b9bb26,20472f2ad5337182c8e59d253544d0fe3367fa147b67d05433cddbe9cd639a50,cb5a43386f9072813669356a684bc68f3c437a6329acc08ea01e1d853f34531a,
Symbols,25,995,398,6,"{""1"": 8, ""2"": 5, ""3"": 3, ""4"": 3, ""5"": 3, ""6"": 3}","{""1"": 173, ""2"": 157, ""3"": 164, ""4"": 178, ""5"": 159, ""6"": 164}",cache,87683839f7dabe3970a3fd2520951dec02533d27b0bd0a115c1b48bfbd0ccb61,2026-09-23 09:58,cache,512ef3d67d8a06f33191afc3969991bace5a4e5b6525159108b9d5f3bac007e3,2026-09-23 09:58,39b8a057c4050828ccc62eafc452195fdc523ebadc046c0808e79a138cc165d4,e6c1a36e289685e5b6866d2f451b6ed1f71a95edd159febf3d1ee8dff09e885d,b180e4d37383a13d8708a19da71712a564d00484bb4ed9e5f95871168e50139c,f9bb4cd5909c1dd32b3462e407a6554e51353e7b92363b606ec625198a75c34d,3c3631f216074b091a27ef5e775d5f947dcb825fe45ddfb307682d8e747cbc7b,
SyntheticControl,300,300,60,6,"{""1"": 50, ""2"": 50, ""3"": 50, ""4"": 50, ""5"": 50, ""6"": 50}","{""1"": 50, ""2"": 50, ""3"": 50, ""4"": 50, ""5"": 50, ""6"": 50}",cache,cacc277a961ec777f3387d0d51f6c944a624882f3cd8df84ad82d0041848a1ea,2026-09-23 09:58,cache,c6ea3033d689f4a120f17958da8d23de35fe33a9a2bcaa4857be5138cbe31cc0,2026-09-23 09:58,36a2281d1bc8c8bd268b4fd60239e96b52b09ac97829c84e14e5a95ab0bb7373,2850b187f54bd025092a30b552b95a121251c941911211d01fda37c1cf0c2a18,977890a3cbad07c1caf3ff24d85e73bef928c3aac336886fb0885c007325b263,e9d1e6cc0dbfaf3555ac0f6a0d21e06c1bc21bd0fe2b5c5722c6ad683c869895,a7e7450448f446f066ece6e0f9124b63c16e5d15437b052c4a6cce4b24fc7e6a,
ToeSegmentation1,40,228,277,2,"{""0"": 20, ""1"": 20}","{""0"": 120, ""1"": 108}",cache,e9b7ea56528bb2395546b59a62e0623b80bf8acdf71c241ad83e094eeae82c3b,2026-09-23 09:58,cache,4b96a0d77b1d88083f8b5d160c15ba51eea3668b6258a27a33ba54d0d96189b2,2026-09-23 09:58,2ff5c9d14132dcf79d7b35e46284cf7b7da680ef0d95b9742bf0546e784f6fab,fdcf64a0d9a6e4e759cf433de827c2ede96724937ebbc34938920fe5dda79f7f,183f2aaed2039e96370196023c1065358057a1b6606515bb4fb87d1f37462ee0,ed96369f76f4c5c04676c48642bc944a541ea29680cd87b151fdd6f26ae747db,3dd9f04f6e990467d99ec1a3310789dff50534a380a2911181b10719738141f3,
ToeSegmentation2,36,130,343,2,"{""0"": 18, ""1"": 18}","{""0"": 106, ""1"": 24}",cache,9d780508a543f73af72597ec821e2d6e2085f342e8ad797c8178a6d2e80d811f,2026-09-23 09:58,cache,e725908a3e645db112ce756da45e107b4b7d7d6586de7ddffe975ad0f64dfd7b,2026-09-23 09:58,181cf63d5e1c482c088ef90fce799d92637cdcdc4d9d947eafb1fcb00d22f0a9,e71fe179c84cdd50abdd671ee728cab7b9a33040bb81860b390faaa71ba720fb,8be87fe51530dd38d4b37b0d417c70620675644737396749867b466713ce79db,83f918f188d603e8a4abb62256a38632356671ff2b70e0fd6c9f38cbf1b80e03,950900c972d6e03dc959d714b704acfa17dfe202f49e3d9eb84213bae79003ef,
Trace,100,100,275,4,"{""1"": 26, ""2"": 21, ""3"": 22, ""4"": 31}","{""1"": 24, ""2"": 29, ""3"": 28, ""4"": 19}",cache,02122cf1b5bc030639f53a9e17b1212f737628802bf0a598f33a3c8de2dc45f9,2026-09-23 09:59,cache,044189ec6df2ac9ad9f30b546d38ee748fbf499c274f01a76fcc10ae1a54e5ac,2026-09-23 09:59,969b9d2d5f973cf736851b9a7d80008074b1cc380d51b27c39eb2ae41186e3d0,d7c290214e36d2f293c7b7db5c9c618b67362553479f92da1d45485b0abe1bb8,cabba5c83d93e35ed379af86b051e51c55f821ecf264f2ec6103df1eb78e6301,54b1d920c702c695576edbf0f2379f72187bb8089e93f0570e955a73dd7c8abc,1edeb3f9f68497b4c4ca76d70b7597d6b77d81156c029c996083a09f4a3cc9af,
TwoLeadECG,23,1139,82,2,"{""1"": 12, ""2"": 11}","{""1"": 569, ""2"": 570}",cache,ac3256b83198ac9c7df0e428d615914e5084a3739699b019a5304b4a0157989d,2026-09-23 09:59,cache,ca5a7d5e5cbd9ad9f3f9abaa0e0967b651f315eec98ce7dcecf070e153f60231,2026-09-23 09:59,db6c274586bafd0ce30a7f5fbfa0c3204067688221577b29bb5bc0b97bf6a507,3f4bf6c132e728dbe1c569d4cddc2a1f5dceeabd67859851e7d0d5f0a8fa34c5,21eea6beabba615f091a7a4c58ab715019ad5574fda2d3ac7088f53456865a58,52dc356e6aeb04056f6c356553e3f841f18515b5a8f8e7d6a832d910feb73faa,2e1aac26f898bf641d668f8591a0484c915fdef93786576d6fa9aa4b8b04ab65,
Wine,57,54,234,2,"{""1"": 30, ""2"": 27}","{""1"": 27, ""2"": 27}",cache,f86efca9fb554adb5a2a13a7d2eed4d4ef1bdaee1f63d4e5dfe4e94a42db6960,2026-09-23 09:59,cache,0abbed311e5a5dcd9910946fee0733c1e9b77b22c18f2ca11f215f11edd6677c,2026-09-23 09:59,e5e22e00bca5229ec29d58313b101b5dce8a50001c114b3e9e7de756e877145a,1d3e840562d6e2fa56a461dd654cca1e938cb24fdb91dedf1cda27db4586edf7,14d6cb0d10550e452032e42362f6c16526caf683c9330cb311c6e17c932aa081,4fe3b4f689b73a5b82d44d3eb519266e6225675ef3b3b77aa1b361c555d5deac,a3abcd062284c79c1cbf9f9f2e26ab450acf208da768e05036844ce2c12bca43,
WordSynonyms,267,638,270,25,"{""1"": 6, ""10"": 12, ""11"": 6, ""12"": 8, ""13"": 3, ""14"": 10, ""15"": 4, ""16"": 14, ""17"": 5, ""18"": 5, ""19"": 4, ""2"": 60, ""20"": 7, ""21"": 4, ""22"": 8, ""23"": 6, ""24"": 7, ""25"": 2, ""3"": 5, ""4"": 35, ""5"": 5, ""6"": 17, ""7"": 4, ""8"": 24, ""9"": 6}","{""1"": 14, ""10"": 34, ""11"": 10, ""12"": 36, ""13"": 13, ""14"": 29, ""15"": 12, ""16"": 16, ""17"": 9, ""18"": 22, ""19"": 10, ""2"": 140, ""20"": 19, ""21"": 10, ""22"": 15, ""23"": 8, ""24"": 13, ""25"": 10, ""3"": 14, ""4"": 80, ""5"": 13, ""6"": 55, ""7"": 14, ""8"": 32, ""9"": 10}",cache,38787d9af36aeaf6fb5a621bcb81fc64c984899690fa34b30c78c12188825d13,2026-09-23 09:59,cache,d0ee44bd0c937245c48c9f6038e0a024214c30253ab7eab8521a04b1694b60d6,2026-09-23 09:59,91d2d31c4e064071b3255050aabdaa774490da549da15d45460cd9a86694109a,8f38139aa5f5ea87d08d52722916edaf131efa2b0f80509d9c51241a72316303,b5c63e23f53cb8120d9f354d265e3b452abed79eb61e5add4a31cb08601c6eaf,0ac9b43eeaf0501fcf7120d85864df5f8f02a61717bd54f586736a5cbc153872,d3395c6524cd0f8716c453de41ee2e5cff37e12c0f35074105f823573f47174a,1:25;2:25;3:25;4:25;5:25
Worms,181,77,900,5,"{""1"": 76, ""2"": 31, ""3"": 25, ""4"": 32, ""5"": 17}","{""1"": 33, ""2"": 13, ""3"": 10, ""4"": 13, ""5"": 8}",cache,0fbba999b822899b4bcced2b50a7a321d0dd57881d7a4bdf18f193f1d61b50a0,2026-09-23 09:59,cache,9dd96f39db9d17b431718c8265c73b38555d39600b53a4bd373edf87fe8246a4,2026-09-23 09:59,7e11e81285fb29b66ac2237f84ab6070c1a1a0318e22b1cccf65d5d233ccbfa8,015afb1c921ec909841ec724789bc6dae0fe7ebdbf7b8c48e538426c99908a91,b56160c34e4e99a75b4de8fbf31584dcd8a43484b6030ed261c535c7ad0a2662,80923893c5593bb6713a7a867d5cd2aa2f106ec31ec7ecaa2302b2bb559c41c5,67b36131bde3cf10235f639cb52376753bdc9bf27a27ca23e1affe8e79b13abe,
WormsTwoClass,181,77,900,2,"{""1"": 76, ""2"": 105}","{""1"": 33, ""2"": 44}",cache,353a40c1fc2f9c38a898babeacf9d4870d728524da41cf05720338bc8437bdda,2026-09-23 09:59,cache,ecf7b07e5d25ed6db8ed8e644fc313698ef3259b2ca23909962d2db6888fdbbe,2026-09-23 09:59,83cc0934a3b3ac8c6d5fa6278372db4ebfe8b388711d0d2b1658ee63e35fdf5f,0e8884f77d9a4db6108a22fec995fa8bcef1f9222292c833ce25705bebecadbe,7bdc61b6a1033fce2605e9e95cf4895043fe45e46e52d962ea60dd950eb15189,ea8d4a807b681620a5fd6cad4e5960a1ed0399d0fa9163f62c50103b63355547,d78768ca6c19feff86682f3992a55f4654dba7e15c7281b1ebfd5ed8e09ee3d3,
